course_id,course_name,course_area,local,actions_monthly_avg_last_12m,actions_monthly_avg_historical,training_hours_monthly_avg_last_12m,training_hours_monthly_avg_historical,actions_monthly_trend_last_12m,actions_monthly_trend_historical,median_days_between_actions_last_12m,median_days_between_actions_historical,active_month_ratio_last_12m,active_month_ratio_historical,peak_concurrent_actions_last_12m,peak_concurrent_actions_historical,active_action_days_last_12m,active_action_days_historical,simultaneous_action_days_last_12m,simultaneous_action_days_historical,pct_simultaneous_action_days_last_12m,pct_simultaneous_action_days_historical,actions_volume_last_12m_score,actions_volume_historical_score,actions_growth_last_12m_score,actions_growth_historical_score,actions_recurrence_last_12m_score,actions_recurrence_historical_score,actions_regularity_last_12m_score,actions_regularity_historical_score,actions_simultaneity_last_12m_score,actions_simultaneity_historical_score,actions_last_12m_score,actions_historical_score,actions_volume_score,actions_growth_score,actions_recurrence_score,actions_regularity_score,actions_simultaneity_score,actions_volume_contribution,actions_growth_contribution,actions_recurrence_contribution,actions_regularity_contribution,actions_simultaneity_contribution,actions_base_score,actions_pressure_tier,actions_main_pressure_driver,actions_priority_rank
PBI,Power BI e Visualização de Dados,Informática,Centro 2,5.67,2.23,141.67,55.83,0.19,0.04,6.0,8.0,1.0,0.8,7,5,278,1062,147,364,52.9,34.3,97.92,94.58,82.08,98.75,97.5,100.0,91.25,92.08,98.33,94.38,94.25,95.47,96.58,88.75,98.5,91.58,96.75,24.15,13.31,14.77,18.32,24.19,94.74,High,Simultaneity,1
CYB,Cibersegurança Básica,Informática,Centro 4,5.0,2.34,80.0,37.51,0.36,0.04,6.0,9.0,1.0,0.89,4,4,208,931,102,222,49.0,23.8,92.92,92.08,99.17,98.75,97.5,99.17,91.25,99.17,86.46,81.04,92.59,92.8,92.58,99.0,98.17,94.42,84.29,23.15,14.85,14.72,18.88,21.07,92.68,High,Volume,2
PBI,Power BI e Visualização de Dados,Informática,Centro 4,5.42,2.31,135.42,57.78,0.12,0.05,6.5,11.5,1.0,0.86,11,7,250,1072,112,376,44.8,35.1,96.67,95.83,59.58,100.0,93.33,96.25,91.25,96.67,96.25,98.75,89.42,97.42,96.33,75.75,94.5,93.42,97.25,24.08,11.36,14.18,18.68,24.31,92.62,High,Simultaneity,3
GER,Geriatria e Apoio ao Idoso,Saúde,Centro 3,3.58,2.0,179.17,100.0,0.19,0.02,7.0,12.0,1.0,0.8,5,6,248,1134,97,390,39.1,34.4,94.58,95.42,82.08,71.25,82.08,93.33,91.25,92.08,88.54,97.29,88.66,91.28,94.92,77.75,86.58,91.58,92.04,23.73,11.66,12.99,18.32,23.01,89.71,High,Volume,4
EXC,Excel Aplicado à Gestão,Informática,Centro 4,4.42,1.94,88.33,38.89,0.24,0.03,6.0,10.0,0.92,0.81,4,4,213,881,95,211,44.6,24.0,92.92,89.58,90.83,92.5,97.5,98.33,71.67,93.75,84.79,81.46,87.01,90.14,91.58,91.5,97.83,80.5,83.46,22.9,13.72,14.68,16.1,20.86,88.26,High,Volume,5
PYT,Introdução à Programação em Python,Informática,Centro 2,3.92,1.72,117.5,51.67,0.05,0.03,6.0,12.0,1.0,0.74,5,5,230,932,100,277,43.5,29.7,93.33,89.58,37.08,92.5,97.5,93.33,91.25,82.92,91.88,93.12,84.74,90.14,91.83,59.25,95.83,87.92,92.38,22.96,8.89,14.38,17.58,23.09,86.9,High,Simultaneity,6
CYB,Cibersegurança Básica,Informática,Centro 2,4.08,2.3,65.33,36.8,0.32,0.03,7.0,11.5,0.83,0.84,5,6,179,873,69,227,38.5,26.0,87.08,90.83,96.67,92.5,82.08,96.25,47.08,95.83,88.12,94.79,80.03,93.89,88.58,95.0,87.75,66.58,90.79,22.15,14.25,13.16,13.32,22.7,85.57,High,Simultaneity,7
PBI,Power BI e Visualização de Dados,Informática,Centro 3,3.25,1.57,81.25,39.17,0.19,0.03,7.0,12.5,0.92,0.7,4,6,185,793,91,214,49.2,27.0,87.5,85.21,82.08,92.5,82.08,90.83,71.67,67.5,86.88,95.21,82.55,86.1,86.58,86.25,85.58,70.0,90.21,21.65,12.94,12.84,14.0,22.55,83.97,High,Simultaneity,8
SST,Saúde e Segurança no Trabalho,Segurança,Centro 5,3.33,2.09,53.33,33.42,0.34,0.03,8.0,13.0,1.0,0.79,3,4,150,723,38,150,25.3,20.7,79.38,87.92,97.92,92.5,68.75,87.08,91.25,89.58,57.71,79.38,77.52,86.68,82.79,95.75,76.08,90.58,66.38,20.7,14.36,11.41,18.12,16.59,81.18,High,Volume,9
CYB,Cibersegurança Básica,Informática,Centro 1,4.83,1.44,77.33,23.11,0.14,0.03,6.0,13.0,1.0,0.7,4,4,230,663,93,97,40.4,14.6,91.67,68.33,65.0,92.5,97.5,87.08,91.25,67.5,81.46,66.25,85.91,74.08,82.33,76.0,93.33,81.75,75.38,20.58,11.4,14.0,16.35,18.84,81.18,High,Volume,10
PYT,Introdução à Programação em Python,Informática,Centro 1,3.0,1.19,90.0,35.67,0.29,0.02,7.0,19.0,1.0,0.68,4,5,217,764,93,150,42.9,19.6,86.46,67.71,95.42,71.25,82.08,48.33,91.25,61.25,83.12,87.92,87.27,69.09,78.96,85.75,68.58,79.25,85.04,19.74,12.86,10.29,15.85,21.26,80.0,High,Simultaneity,11
PBI,Power BI e Visualização de Dados,Informática,Centro 1,2.92,1.52,72.92,38.06,0.18,0.03,10.0,13.5,1.0,0.76,3,4,217,838,86,187,39.6,22.3,82.29,82.08,79.17,92.5,52.5,82.92,91.25,85.0,66.46,80.62,75.19,83.99,82.21,84.5,64.67,88.75,72.12,20.55,12.68,9.7,17.75,18.03,78.71,High,Volume,12
PRI,Primeiros Socorros,Saúde e Segurança,Centro 3,3.17,2.04,38.0,24.53,0.34,0.02,6.0,11.0,1.0,0.82,3,3,86,467,21,75,24.4,16.1,69.38,79.17,97.92,71.25,97.5,97.5,91.25,95.0,54.79,54.17,78.6,77.65,73.29,87.25,97.5,92.75,54.54,18.32,13.09,14.62,18.55,13.64,78.22,High,Regularity,13
SST,Saúde e Segurança no Trabalho,Segurança,Centro 1,3.0,2.02,48.0,32.36,0.2,0.02,7.0,13.0,0.92,0.88,3,5,145,724,34,115,23.4,15.9,74.38,85.83,85.42,71.25,82.08,87.08,71.67,98.33,53.12,79.38,71.33,84.72,78.96,79.75,84.08,82.33,63.62,19.74,11.96,12.61,16.47,15.91,76.69,High,Volume,14
EXC,Excel Aplicado à Gestão,Informática,Centro 2,3.58,1.82,71.67,36.44,-0.15,0.03,7.0,13.0,0.92,0.79,5,4,165,835,55,185,33.3,22.2,86.67,86.25,0.0,92.5,82.08,87.08,71.67,89.58,85.83,80.21,69.77,86.47,86.5,37.0,84.08,78.83,83.58,21.62,5.55,12.61,15.77,20.9,76.45,High,Volume,15
CYB,Cibersegurança Básica,Informática,Centro 3,3.58,1.42,57.33,22.76,0.18,0.02,7.0,14.0,1.0,0.7,5,3,179,648,60,94,33.5,14.5,81.67,66.25,79.17,71.25,82.08,73.75,91.25,67.5,86.46,48.12,84.47,63.84,75.5,76.0,78.75,81.75,71.12,18.88,11.4,11.81,16.35,17.78,76.22,High,Volume,16
GER,Geriatria e Apoio ao Idoso,Saúde,Centro 4,2.5,1.38,125.0,68.89,0.17,0.01,8.5,14.0,1.0,0.68,5,4,182,914,65,228,35.7,24.9,79.58,82.92,76.25,30.42,62.92,73.75,91.25,61.25,87.29,82.29,80.84,69.18,80.92,57.92,67.25,79.25,85.29,20.23,8.69,10.09,15.85,21.32,76.18,High,Simultaneity,17
SEG,Segurança no Trabalho,Segurança,Centro 5,3.67,2.21,29.33,17.69,0.47,0.01,7.0,12.0,1.0,0.9,3,4,102,510,25,85,24.5,16.7,63.54,68.33,100.0,30.42,82.08,93.33,91.25,100.0,55.42,73.96,75.3,74.14,65.46,72.17,86.58,94.75,62.83,16.36,10.82,12.99,18.95,15.71,74.84,Upper-middle,Regularity,18
MNT,Manutenção Industrial Básica,Manutenção,Centro 1,3.83,1.62,95.83,40.56,-0.12,0.02,7.0,13.0,1.0,0.73,3,4,137,531,52,104,38.0,19.6,92.29,86.67,0.0,71.25,82.08,87.08,91.25,79.58,65.21,78.75,69.94,81.02,90.04,28.5,84.08,86.58,70.62,22.51,4.27,12.61,17.32,17.66,74.37,Upper-middle,Volume,19
MNT,Manutenção Industrial Básica,Manutenção,Centro 5,2.75,1.53,68.75,38.33,0.19,0.03,9.0,12.0,0.92,0.69,3,4,108,553,30,66,27.8,11.9,78.33,83.12,82.08,92.5,57.92,93.33,71.67,64.58,60.62,57.29,70.07,75.9,80.25,86.25,72.08,68.83,59.29,20.06,12.94,10.81,13.77,14.82,72.4,Upper-middle,Volume,20
FOR,Formação Pedagógica Inicial de Formadores,Formação,Centro 3,2.5,1.16,225.0,104.0,0.12,0.0,12.0,15.0,1.0,0.66,5,5,349,1364,190,507,54.4,37.2,82.5,73.96,59.58,0.0,43.75,63.33,91.25,50.0,96.04,96.04,78.39,62.0,79.08,35.75,51.58,74.75,96.04,19.77,5.36,7.74,14.95,24.01,71.83,Upper-middle,Simultaneity,21
SCI,Segurança Contra Incêndios,Segurança,Centro 1,3.83,1.56,30.67,12.44,0.24,0.02,7.0,14.0,1.0,0.77,4,3,95,317,20,51,21.1,16.1,65.62,48.33,90.83,71.25,82.08,73.75,91.25,85.83,63.12,54.17,76.38,64.54,58.71,83.0,78.75,89.08,59.54,14.68,12.45,11.81,17.82,14.89,71.64,Upper-middle,Regularity,22
CYB,Cibersegurança Básica,Informática,Centro 5,2.67,1.26,42.67,20.09,0.24,0.03,9.0,14.0,0.83,0.67,5,5,117,558,48,98,41.0,17.6,66.67,56.04,90.83,92.5,57.92,73.75,47.08,55.42,90.21,85.21,70.95,71.33,62.42,91.5,64.25,50.42,88.21,15.6,13.72,9.64,10.08,22.05,71.1,Upper-middle,Simultaneity,23
LOG,Logística e Gestão de Armazém,Logística,Centro 5,3.17,1.6,50.67,25.6,0.2,0.01,7.0,14.0,1.0,0.78,3,3,119,486,24,75,20.2,15.4,77.71,74.58,85.42,30.42,82.08,73.75,91.25,87.08,46.04,51.46,74.31,64.55,76.46,63.42,78.75,89.58,48.21,19.11,9.51,11.81,17.92,12.05,70.41,Upper-middle,Volume,24
LOG,Logística e Gestão de Armazém,Logística,Centro 1,3.5,1.7,56.0,27.2,0.08,0.02,7.0,13.0,0.92,0.71,3,3,135,512,34,88,25.2,17.2,80.42,79.58,46.25,71.25,82.08,87.08,71.67,70.42,57.08,57.92,67.96,72.21,80.08,56.25,84.08,71.17,57.42,20.02,8.44,12.61,14.23,14.35,69.66,Upper-middle,Volume,25
HAC,Higiene e Segurança Alimentar,Alimentar,Centro 5,3.33,1.74,26.67,13.96,0.29,0.02,7.0,13.0,0.92,0.74,3,3,92,419,23,59,25.0,14.1,57.71,57.5,95.42,71.25,82.08,87.08,71.67,82.92,56.25,46.88,69.45,66.43,57.62,85.75,84.08,76.17,52.5,14.41,12.86,12.61,15.23,13.12,68.24,Upper-middle,Regularity,26
FOR,Formação Pedagógica Inicial de Formadores,Formação,Centro 2,2.58,1.0,232.5,90.0,0.05,0.02,12.0,21.0,0.92,0.62,5,4,341,1258,245,445,71.8,35.4,84.58,64.17,37.08,71.25,43.75,31.25,71.67,37.5,96.88,86.46,71.82,60.53,76.42,50.75,38.75,58.0,92.71,19.1,7.61,5.81,11.6,23.18,67.31,Upper-middle,Simultaneity,27
GER,Geriatria e Apoio ao Idoso,Saúde,Centro 5,2.42,1.3,120.83,65.0,0.17,0.01,10.0,15.5,0.75,0.72,5,5,178,863,60,167,33.7,19.4,77.71,79.58,76.25,30.42,52.5,59.58,24.17,74.58,86.88,87.29,65.29,70.14,78.46,57.92,55.33,44.33,87.04,19.61,8.69,8.3,8.87,21.76,67.23,Upper-middle,Simultaneity,28
PRI,Primeiros Socorros,Saúde e Segurança,Centro 1,3.08,1.92,37.0,23.07,0.07,0.02,7.0,13.0,1.0,0.79,2,3,93,447,15,77,16.1,17.2,66.25,75.0,42.5,71.25,82.08,87.08,91.25,89.58,25.83,57.92,59.96,74.9,69.75,54.0,84.08,90.58,38.67,17.44,8.1,12.61,18.12,9.67,65.93,Upper-middle,Regularity,29
VND,Vendas e Negociação,Comercial,Centro 2,2.67,1.48,42.67,23.64,0.18,0.02,10.5,14.0,0.83,0.73,3,4,119,654,35,99,29.4,15.1,66.67,69.58,79.17,71.25,49.17,73.75,47.08,79.58,61.04,67.5,60.59,71.94,67.83,76.0,59.0,60.08,63.62,16.96,11.4,8.85,12.02,15.91,65.13,Upper-middle,Volume,30
PBI,Power BI e Visualização de Dados,Informática,Centro 5,2.58,1.07,64.58,26.67,0.25,0.02,7.0,16.0,0.83,0.59,3,4,161,625,48,106,29.8,17.0,73.33,53.54,92.5,71.25,82.08,56.25,47.08,28.75,62.29,74.38,69.51,56.85,65.42,84.0,71.75,39.75,67.12,16.35,12.6,10.76,7.95,16.78,64.45,Upper-middle,Simultaneity,31
LID,Liderança e Comunicação,Gestão,Centro 2,2.58,1.63,41.33,26.13,0.16,0.01,8.0,14.0,0.83,0.81,3,3,120,652,31,107,25.8,16.4,62.92,76.67,72.92,30.42,68.75,73.75,47.08,93.75,58.96,55.42,61.14,67.4,68.42,55.92,70.75,65.75,57.54,17.1,8.39,10.61,13.15,14.39,63.64,Upper-middle,Volume,32
GER,Geriatria e Apoio ao Idoso,Saúde,Centro 1,2.75,1.02,137.5,51.11,0.08,0.01,7.0,27.0,0.83,0.67,4,4,199,727,81,126,40.7,17.3,85.42,61.25,46.25,30.42,82.08,16.67,47.08,55.42,81.88,75.62,70.49,52.36,75.75,39.92,55.92,50.42,79.38,18.94,5.99,8.39,10.08,19.84,63.24,Upper-middle,Simultaneity,33
INF,"Infeção, Prevenção e Controlo",Saúde,Centro 3,2.83,1.68,45.33,26.84,0.14,0.02,14.0,14.0,1.0,0.78,2,3,119,535,26,70,21.8,13.1,71.04,78.75,65.0,71.25,27.08,73.75,91.25,87.08,34.17,43.75,58.36,69.79,74.12,67.5,45.75,89.58,38.0,18.53,10.12,6.86,17.92,9.5,62.94,Upper-middle,Volume,34
SEG,Segurança no Trabalho,Segurança,Centro 1,2.83,2.08,22.67,16.62,-0.01,0.03,6.0,12.0,0.92,0.87,3,3,88,535,18,79,20.5,14.8,50.83,64.58,0.0,92.5,97.5,93.33,71.67,97.5,46.88,49.79,53.39,75.97,56.33,37.0,95.83,82.0,48.04,14.08,5.55,14.38,16.4,12.01,62.42,Upper-middle,Regularity,35
ING,Inglês Profissional,Línguas,Centro 2,2.58,1.03,77.5,31.0,0.23,0.01,13.0,19.0,0.92,0.53,3,4,155,657,73,159,47.1,24.2,77.92,54.38,88.75,30.42,37.08,48.33,71.67,13.75,71.46,81.88,70.55,48.62,68.5,65.42,41.58,48.5,75.62,17.12,9.81,6.24,9.7,18.91,61.78,Upper-middle,Simultaneity,36
SST,Saúde e Segurança no Trabalho,Segurança,Centro 4,2.33,1.26,37.33,20.09,0.15,0.02,8.5,14.0,0.92,0.62,4,4,123,451,23,61,18.7,13.5,54.58,56.04,69.17,71.25,62.92,73.75,71.67,37.5,59.79,62.29,62.74,58.83,55.17,70.0,67.25,58.0,60.79,13.79,10.5,10.09,11.6,15.2,61.18,Upper-middle,Simultaneity,37
VND,Vendas e Negociação,Comercial,Centro 4,2.75,1.33,44.0,21.33,0.06,0.02,8.0,15.0,0.92,0.64,3,4,146,540,31,87,21.2,16.1,68.75,63.12,40.42,71.25,68.75,63.33,71.67,44.58,48.96,71.25,60.14,62.7,66.5,52.75,66.58,60.83,57.88,16.62,7.91,9.99,12.17,14.47,61.16,Upper-middle,Volume,38
PRO,Gestão de Projetos,Gestão,Centro 2,2.67,1.09,66.67,27.22,0.05,0.02,7.0,14.0,0.75,0.58,5,3,142,583,62,92,43.7,15.8,76.25,56.67,37.08,71.25,82.08,73.75,24.17,25.83,92.29,52.71,64.84,54.26,68.42,50.75,78.75,24.83,76.46,17.1,7.61,11.81,4.97,19.11,60.61,Upper-middle,Simultaneity,39
FOR,Formação Pedagógica Inicial de Formadores,Formação,Centro 5,1.58,0.99,142.5,89.0,0.21,0.01,15.0,22.0,0.83,0.66,4,5,265,1495,138,454,52.1,30.4,60.21,62.71,87.5,30.42,18.33,25.42,47.08,50.0,87.29,93.54,62.17,57.44,61.21,64.67,21.17,48.25,89.79,15.3,9.7,3.17,9.65,22.45,60.28,Upper-middle,Simultaneity,40
EXC,Excel Aplicado à Gestão,Informática,Centro 1,2.92,1.19,58.33,23.78,0.02,0.02,7.0,20.0,0.83,0.67,3,3,140,605,63,88,45.0,14.5,77.71,57.71,26.67,71.25,82.08,40.0,47.08,55.42,71.04,48.12,62.92,54.23,69.71,44.5,65.25,50.42,61.87,17.43,6.68,9.79,10.08,15.47,59.44,Upper-middle,Volume,41
EXC,Excel Aplicado à Gestão,Informática,Centro 5,2.25,1.39,45.0,27.78,-0.12,0.02,8.0,15.5,0.92,0.72,3,4,134,631,29,105,21.6,16.6,58.33,73.12,0.0,71.25,68.75,59.58,71.67,74.58,49.38,73.54,51.57,71.21,64.25,28.5,65.08,72.83,59.04,16.06,4.27,9.76,14.57,14.76,59.43,Upper-middle,Volume,42
LOG,Logística e Gestão de Armazém,Logística,Centro 2,2.5,1.3,40.0,20.8,-0.06,0.03,6.5,19.5,0.75,0.71,5,4,82,405,19,74,23.2,18.3,60.62,59.79,0.0,92.5,93.33,45.0,24.17,70.42,74.79,77.29,52.69,68.98,60.29,37.0,74.0,42.67,75.79,15.07,5.55,11.1,8.53,18.95,59.2,Upper-middle,Simultaneity,43
PYT,Introdução à Programação em Python,Informática,Centro 4,1.92,1.28,57.5,38.33,0.02,0.02,12.0,13.5,0.83,0.66,4,4,139,841,34,139,24.5,16.5,57.08,74.58,26.67,71.25,43.75,82.92,47.08,50.0,70.0,73.12,51.75,70.05,64.08,44.5,59.42,48.25,71.25,16.02,6.68,8.91,9.65,17.81,59.07,Upper-middle,Simultaneity,44
PRO,Gestão de Projetos,Gestão,Centro 4,2.42,1.16,60.42,28.89,0.02,0.01,7.0,19.0,0.83,0.67,4,3,148,628,47,103,31.8,16.4,69.38,61.46,26.67,30.42,82.08,48.33,47.08,55.42,77.29,55.42,62.4,52.11,66.21,28.17,68.58,50.42,68.54,16.55,4.22,10.29,10.08,17.14,58.28,Upper-middle,Simultaneity,45
FOR,Formação Pedagógica Inicial de Formadores,Formação,Centro 4,1.83,1.31,165.0,118.0,0.05,0.01,9.0,14.0,0.58,0.64,3,6,233,1478,150,703,64.4,47.6,66.46,83.96,37.08,30.42,57.92,73.75,4.58,44.58,73.96,98.96,50.27,70.27,73.46,34.42,64.25,20.58,83.96,18.36,5.16,9.64,4.12,20.99,58.27,Upper-middle,Simultaneity,46
HOT,Housekeeping e Operações Hoteleiras,Turismo,Centro 5,2.92,1.29,72.92,32.22,-0.0,0.02,8.5,16.0,0.83,0.68,4,3,132,501,34,57,25.8,11.4,82.29,70.83,0.0,71.25,62.92,56.25,47.08,61.25,73.54,38.33,57.81,58.67,77.71,28.5,60.25,52.75,59.46,19.43,4.27,9.04,10.55,14.86,58.15,Upper-middle,Volume,47
LOG,Logística e Gestão de Armazém,Logística,Centro 3,2.83,1.18,45.33,18.84,0.1,0.02,7.0,19.0,0.83,0.68,3,3,103,385,26,34,25.2,8.8,71.04,48.33,55.83,71.25,82.08,48.33,47.08,61.25,57.08,31.04,62.14,50.03,61.96,62.0,68.58,52.75,46.67,15.49,9.3,10.29,10.55,11.67,57.29,Upper-middle,Volume,48
GER,Geriatria e Apoio ao Idoso,Saúde,Centro 2,1.42,1.47,70.83,73.33,0.26,0.03,12.5,15.5,0.67,0.73,2,4,130,938,22,240,16.9,25.6,49.79,86.25,93.33,92.5,40.0,59.58,10.83,79.58,26.67,82.71,41.28,80.97,64.38,93.0,47.83,38.33,49.08,16.09,13.95,7.18,7.67,12.27,57.16,Upper-middle,Volume,49
HOT,Housekeeping e Operações Hoteleiras,Turismo,Centro 2,2.67,1.28,66.67,31.94,0.08,0.01,7.0,20.0,0.75,0.7,4,2,121,519,27,62,22.3,11.9,76.25,69.79,46.25,30.42,82.08,40.0,24.17,67.5,64.79,25.42,59.34,47.86,73.67,39.92,65.25,41.5,49.04,18.42,5.99,9.79,8.3,12.26,54.75,Upper-middle,Volume,50
MNT,Manutenção Industrial Básica,Manutenção,Centro 3,2.33,1.03,58.33,25.83,0.08,0.02,7.0,21.0,0.83,0.64,4,2,97,373,22,49,22.7,13.1,66.46,50.21,46.25,71.25,82.08,31.25,47.08,44.58,65.21,28.96,61.58,44.08,59.96,56.25,61.75,46.08,50.71,14.99,8.44,9.26,9.22,12.68,54.58,Upper-middle,Volume,51
SST,Saúde e Segurança no Trabalho,Segurança,Centro 3,2.33,1.31,37.33,20.98,0.15,0.01,8.5,15.5,0.75,0.72,3,4,106,477,25,58,23.6,12.2,54.58,61.46,69.17,30.42,62.92,59.58,24.17,74.58,53.54,58.75,51.68,58.47,57.33,53.67,61.58,44.33,55.62,14.33,8.05,9.24,8.87,13.91,54.39,Upper-middle,Volume,52
MNT,Manutenção Industrial Básica,Manutenção,Centro 4,2.0,1.39,50.0,34.72,0.08,0.01,14.0,14.0,0.83,0.72,4,3,83,513,19,47,22.9,9.2,56.67,76.88,46.25,30.42,27.08,73.75,47.08,74.58,65.62,32.92,50.99,57.99,64.75,39.92,45.75,58.08,52.54,16.19,5.99,6.86,11.62,13.14,53.79,Upper-middle,Volume,53
TUR,Atendimento Turístico,Turismo,Centro 5,2.33,1.0,37.33,16.0,0.2,0.01,12.0,22.5,1.0,0.62,4,2,90,317,21,43,23.3,13.6,54.58,31.88,85.42,30.42,43.75,24.17,91.25,37.5,67.29,31.04,68.09,31.42,45.5,63.42,35.92,69.75,52.79,11.37,9.51,5.39,13.95,13.2,53.42,Upper-middle,Regularity,54
SST,Saúde e Segurança no Trabalho,Segurança,Centro 2,2.17,1.43,34.67,22.93,0.1,0.02,11.5,14.0,0.83,0.66,3,3,127,526,19,81,15.0,15.4,48.75,67.08,55.83,71.25,47.5,73.75,47.08,50.0,40.21,51.46,47.16,61.39,56.08,62.0,58.0,48.25,44.71,14.02,9.3,8.7,9.65,11.18,52.85,Upper-middle,Volume,55
EXC,Excel Aplicado à Gestão,Informática,Centro 3,2.08,1.33,41.67,26.67,-0.07,0.02,13.0,20.0,0.92,0.79,2,4,131,659,27,71,20.6,10.8,53.96,69.58,0.0,71.25,37.08,40.0,71.67,89.58,32.29,53.12,41.46,65.28,60.21,28.5,38.25,78.83,40.62,15.05,4.27,5.74,15.77,10.16,50.99,Upper-middle,Regularity,56
GES,Gestão de Equipas,Gestão,Centro 2,2.0,1.24,32.0,19.91,0.16,0.01,10.5,20.0,0.83,0.72,4,2,113,509,26,49,23.0,9.6,43.33,53.33,72.92,30.42,49.17,40.0,47.08,74.58,66.25,19.17,55.12,43.6,47.33,55.92,45.5,58.08,47.42,11.83,8.39,6.82,11.62,11.85,50.52,Upper-middle,Simultaneity,57
LID,Liderança e Comunicação,Gestão,Centro 4,1.92,1.3,30.67,20.8,0.03,0.02,14.0,17.5,0.83,0.74,3,3,96,569,23,83,24.0,14.6,39.17,59.79,30.42,71.25,27.08,53.33,47.08,82.92,53.96,49.17,41.32,62.51,47.42,46.75,37.58,61.42,52.04,11.85,7.01,5.64,12.28,13.01,49.8,Lower-middle,Simultaneity,58
SEG,Segurança no Trabalho,Segurança,Centro 3,2.25,1.34,18.0,10.76,0.11,0.02,7.0,16.0,0.67,0.72,4,4,72,316,9,35,12.5,11.1,33.33,41.25,58.33,71.25,82.08,56.25,10.83,74.58,50.0,53.75,44.06,57.79,36.5,63.5,71.75,36.33,51.5,9.12,9.52,10.76,7.27,12.88,49.55,Lower-middle,Simultaneity,59
PYT,Introdução à Programação em Python,Informática,Centro 3,1.67,1.04,50.0,31.33,0.15,0.02,16.5,14.0,0.67,0.6,3,4,123,684,32,131,26.0,19.2,47.71,55.42,69.17,71.25,13.33,73.75,10.83,31.25,59.79,77.71,41.42,61.28,50.79,70.0,37.5,19.0,66.96,12.7,10.5,5.62,3.8,16.74,49.36,Lower-middle,Simultaneity,60
HCP,HACCP Aplicado,Alimentar,Centro 5,1.83,1.4,22.0,16.8,0.13,0.01,14.0,14.0,0.92,0.72,2,4,55,332,10,38,18.2,11.4,28.13,55.0,61.67,30.42,27.08,73.75,71.67,74.58,29.17,55.42,41.97,58.15,38.88,49.17,45.75,72.83,39.67,9.72,7.37,6.86,14.57,9.92,48.44,Lower-middle,Regularity,61
PRI,Primeiros Socorros,Saúde e Segurança,Centro 5,2.58,1.16,31.0,13.87,0.02,0.01,6.5,20.0,0.83,0.64,4,3,78,283,16,21,20.5,7.4,54.17,36.67,26.67,30.42,93.33,40.0,47.08,44.58,61.46,25.62,56.32,35.05,47.17,28.17,72.0,46.08,47.12,11.79,4.22,10.8,9.22,11.78,47.81,Lower-middle,Volume,62
GES,Gestão de Equipas,Gestão,Centro 4,2.33,1.24,37.33,19.91,-0.01,0.01,13.0,19.5,0.83,0.64,4,3,120,489,30,88,25.0,18.0,54.58,53.33,0.0,30.42,37.08,45.0,47.08,44.58,70.83,59.79,46.33,48.51,54.08,12.17,40.25,46.08,66.42,13.52,1.82,6.04,9.22,16.6,47.2,Lower-middle,Simultaneity,63
ING,Inglês Profissional,Línguas,Centro 3,1.67,1.11,50.0,33.33,-0.01,0.01,12.0,20.0,0.83,0.61,4,4,141,705,29,155,20.6,22.0,47.71,61.04,0.0,30.42,43.75,40.0,47.08,33.75,62.5,79.79,43.53,52.52,53.04,12.17,42.25,41.75,69.42,13.26,1.82,6.34,8.35,17.35,47.13,Lower-middle,Simultaneity,64
HAC,Higiene e Segurança Alimentar,Alimentar,Centro 1,2.42,1.17,19.33,9.33,0.04,0.01,10.0,18.0,0.92,0.69,4,2,61,310,14,26,23.0,8.4,40.21,29.37,33.33,30.42,52.5,51.67,71.67,64.58,66.25,13.96,53.82,36.06,35.88,32.17,52.17,68.83,45.33,8.97,4.82,7.82,13.77,11.33,46.72,Lower-middle,Regularity,65
EMP,Empilhadores e Movimentação de Cargas,Segurança,Centro 1,2.33,1.24,37.33,19.91,0.0,0.01,14.0,14.0,0.92,0.64,2,3,74,352,22,48,29.7,13.6,54.58,53.33,0.0,30.42,27.08,73.75,71.67,44.58,46.25,45.83,43.6,49.33,54.08,12.17,45.75,60.83,46.08,13.52,1.82,6.86,12.17,11.52,45.9,Lower-middle,Volume,66
LID,Liderança e Comunicação,Gestão,Centro 5,2.17,1.12,34.67,17.96,0.09,0.01,12.0,19.5,0.83,0.67,4,2,112,512,23,45,20.5,8.8,48.75,43.54,51.25,30.42,43.75,45.0,47.08,55.42,61.46,16.25,51.22,37.34,46.67,42.92,44.25,50.42,43.38,11.67,6.44,6.64,10.08,10.84,45.67,Lower-middle,Volume,67
LOG,Logística e Gestão de Armazém,Logística,Centro 4,1.83,1.24,29.33,19.91,-0.1,0.02,16.0,15.0,0.92,0.62,4,4,77,380,6,59,7.8,15.5,35.0,53.33,0.0,71.25,15.42,63.33,71.67,37.5,45.62,69.38,36.8,58.36,42.33,28.5,34.58,58.0,55.12,10.58,4.27,5.19,11.6,13.78,45.43,Lower-middle,Simultaneity,68
SEG,Segurança no Trabalho,Segurança,Centro 4,2.0,1.64,16.0,13.16,-0.01,0.02,16.0,14.0,0.83,0.73,3,4,56,379,11,55,19.6,14.5,27.5,53.96,0.0,71.25,15.42,73.75,47.08,79.58,45.62,65.21,30.01,67.46,38.08,28.5,38.75,60.08,53.46,9.52,4.27,5.81,12.02,13.36,44.99,Lower-middle,Simultaneity,69
LID,Liderança e Comunicação,Gestão,Centro 3,2.42,0.9,38.67,14.4,0.09,0.01,9.0,21.0,0.92,0.58,3,3,127,389,16,34,12.6,8.7,58.54,25.42,51.25,30.42,57.92,31.25,71.67,25.83,36.25,30.21,54.41,28.32,45.29,42.92,47.25,53.33,33.83,11.32,6.44,7.09,10.67,8.46,43.97,Lower-middle,Volume,70
PYT,Introdução à Programação em Python,Informática,Centro 5,2.08,0.69,62.5,20.67,0.14,0.01,12.0,34.0,0.92,0.46,3,3,185,459,30,59,16.2,12.9,63.33,28.96,65.0,30.42,43.75,2.5,71.67,3.33,41.88,42.92,56.95,23.57,49.58,51.17,27.25,44.33,42.29,12.4,7.67,4.09,8.87,10.57,43.6,Lower-middle,Volume,71
EMP,Empilhadores e Movimentação de Cargas,Segurança,Centro 4,1.92,1.0,30.67,16.0,0.16,0.01,13.0,21.0,0.83,0.59,3,3,61,280,18,30,29.5,10.7,39.17,31.88,72.92,30.42,37.08,31.25,47.08,28.75,61.46,35.62,51.07,31.88,36.25,55.92,34.75,39.75,51.12,9.06,8.39,5.21,7.95,12.78,43.39,Lower-middle,Simultaneity,72
SEG,Segurança no Trabalho,Segurança,Centro 2,2.08,1.57,16.67,12.53,-0.0,0.01,15.0,14.0,1.0,0.74,2,3,78,382,10,54,12.8,14.1,30.42,49.38,0.0,30.42,18.33,73.75,91.25,82.92,22.5,46.88,34.23,56.27,38.0,12.17,40.5,87.92,32.25,9.5,1.82,6.08,17.58,8.06,43.05,Lower-middle,Regularity,73
HOT,Housekeeping e Operações Hoteleiras,Turismo,Centro 1,1.33,0.96,33.33,23.89,0.2,0.02,7.0,21.0,0.58,0.61,4,2,66,393,9,33,13.6,8.4,28.75,44.58,85.42,71.25,82.08,31.25,4.58,33.75,53.54,13.96,46.61,36.76,35.08,79.75,61.75,16.25,37.71,8.77,11.96,9.26,3.25,9.43,42.67,Lower-middle,Growth,74
TUR,Atendimento Turístico,Turismo,Centro 2,2.0,1.11,32.0,17.78,0.15,0.01,10.0,27.0,0.83,0.67,2,3,89,344,9,52,10.1,15.1,43.33,41.88,69.17,30.42,52.5,16.67,47.08,55.42,17.08,50.42,42.77,41.22,42.75,53.67,38.17,50.42,30.42,10.69,8.05,5.72,10.08,7.6,42.15,Lower-middle,Volume,75
SCI,Segurança Contra Incêndios,Segurança,Centro 3,2.0,1.16,16.0,9.24,0.13,0.01,9.0,19.0,0.92,0.68,3,2,59,253,3,21,5.1,8.3,27.5,27.5,61.67,30.42,57.92,48.33,71.67,61.25,28.54,13.33,46.28,34.27,27.5,49.17,54.08,67.5,22.46,6.88,7.37,8.11,13.5,5.61,41.48,Lower-middle,Regularity,76
HAC,Higiene e Segurança Alimentar,Alimentar,Centro 2,1.58,1.21,12.67,9.69,0.23,0.01,9.0,21.0,0.75,0.7,3,3,47,325,8,38,17.0,11.7,13.96,31.67,88.75,30.42,57.92,31.25,24.17,67.5,42.71,39.38,41.0,40.51,21.04,65.42,47.25,41.5,41.38,5.26,9.81,7.09,8.3,10.34,40.8,Lower-middle,Simultaneity,77
HCP,HACCP Aplicado,Alimentar,Centro 1,2.33,1.08,28.0,12.93,0.17,0.01,12.0,21.0,0.83,0.67,3,2,63,276,8,15,12.7,5.4,44.58,29.17,76.25,30.42,43.75,31.25,47.08,55.42,37.29,7.71,47.89,29.55,38.42,57.92,38.75,50.42,25.46,9.6,8.69,5.81,10.08,6.36,40.55,Lower-middle,Regularity,78
FOR,Formação Pedagógica Inicial de Formadores,Formação,Centro 1,0.83,0.93,75.0,84.0,0.05,0.01,41.0,21.0,0.5,0.57,3,4,136,1236,57,400,41.9,32.4,43.75,60.21,37.08,30.42,0.83,31.25,2.5,22.5,68.12,84.79,34.16,50.0,50.33,34.42,13.0,10.5,74.79,12.58,5.16,1.95,2.1,18.7,40.49,Lower-middle,Simultaneity,79
MNT,Manutenção Industrial Básica,Manutenção,Centro 2,2.0,0.79,50.0,19.72,0.13,0.01,8.0,28.0,0.75,0.54,3,3,87,280,15,36,17.2,12.9,56.67,28.75,61.67,30.42,68.75,9.17,24.17,15.42,43.33,42.92,49.4,26.94,45.5,49.17,44.92,20.67,43.17,11.38,7.37,6.74,4.13,10.79,40.41,Lower-middle,Volume,80
SOC,Socorrismo Básico,Saúde e Segurança,Centro 3,2.0,1.06,32.0,16.89,-0.21,0.02,10.0,18.0,0.83,0.63,3,3,81,352,12,30,14.8,8.5,43.33,36.46,0.0,71.25,52.5,51.67,47.08,40.42,39.79,29.38,38.07,42.98,40.58,28.5,52.17,44.42,35.62,10.15,4.27,7.82,8.88,8.91,40.04,Lower-middle,Volume,81
HCP,HACCP Aplicado,Alimentar,Centro 3,1.83,1.22,22.0,14.67,0.09,0.02,13.0,15.0,0.83,0.63,2,3,65,294,5,36,7.7,12.2,28.13,42.08,51.25,71.25,37.08,63.33,47.08,40.42,15.0,41.67,33.45,49.21,33.71,59.25,47.58,44.42,25.67,8.43,8.89,7.14,8.88,6.42,39.75,Lower-middle,Growth,82
ING,Inglês Profissional,Línguas,Centro 1,1.42,0.81,42.5,24.33,0.14,0.0,8.5,21.5,0.67,0.47,3,3,114,527,31,81,27.2,15.4,38.54,38.75,65.0,0.0,62.92,26.67,10.83,5.0,60.21,51.46,46.04,27.55,38.62,39.0,48.42,8.5,56.71,9.66,5.85,7.26,1.7,14.18,38.65,Lower-middle,Simultaneity,83
GES,Gestão de Equipas,Gestão,Centro 1,1.33,0.97,21.33,15.47,0.27,0.01,8.0,17.0,0.75,0.56,2,4,70,416,9,42,12.9,10.1,16.25,29.58,94.17,30.42,68.75,54.17,24.17,18.33,22.92,51.88,39.06,36.72,21.58,68.67,62.92,21.83,34.5,5.4,10.3,9.44,4.37,8.62,38.12,Lower-middle,Growth,84
PRI,Primeiros Socorros,Saúde e Segurança,Centro 4,1.58,1.26,19.0,15.07,0.0,0.02,8.0,14.0,0.67,0.62,2,4,57,280,10,45,17.5,16.1,20.0,45.42,0.0,71.25,68.75,73.75,10.83,37.5,28.33,71.25,24.56,58.42,30.17,28.5,70.75,21.5,45.5,7.54,4.27,10.61,4.3,11.38,38.1,Lower-middle,Simultaneity,85
HAC,Higiene e Segurança Alimentar,Alimentar,Centro 3,1.83,1.12,14.67,8.98,0.06,0.02,13.5,16.0,0.75,0.61,3,4,51,279,9,31,17.6,11.1,21.04,25.0,40.42,71.25,33.75,56.25,24.17,33.75,44.38,53.75,32.31,45.56,22.62,52.75,42.75,28.0,48.12,5.66,7.91,6.41,5.6,12.03,37.61,Lower-middle,Simultaneity,86
PRI,Primeiros Socorros,Saúde e Segurança,Centro 2,2.25,1.17,27.0,14.0,-0.02,0.01,8.5,15.0,0.75,0.64,3,3,66,295,10,27,15.2,9.2,41.67,38.96,0.0,30.42,62.92,63.33,24.17,44.58,40.62,32.92,34.84,40.95,40.58,12.17,63.08,32.33,37.54,10.15,1.82,9.46,6.47,9.39,37.29,Lower-middle,Volume,87
HCP,HACCP Aplicado,Alimentar,Centro 2,1.83,1.06,22.0,12.67,0.17,0.01,14.0,24.5,0.83,0.72,2,3,63,244,8,16,12.7,6.6,28.13,26.88,76.25,30.42,27.08,22.5,47.08,74.58,21.67,24.38,37.36,35.67,27.62,57.92,25.25,58.08,22.75,6.91,8.69,3.79,11.62,5.69,36.69,Lower-middle,Regularity,88
VND,Vendas e Negociação,Comercial,Centro 5,1.67,1.13,26.67,18.13,0.07,0.02,14.0,21.0,0.83,0.64,2,3,105,469,9,53,8.6,11.3,27.5,45.0,42.5,71.25,27.08,31.25,47.08,44.58,15.83,37.29,30.69,44.86,34.5,54.0,28.75,46.08,24.42,8.62,8.1,4.31,9.22,6.1,36.36,Lower-middle,Regularity,89
PRO,Gestão de Projetos,Gestão,Centro 5,1.83,0.78,45.83,19.44,0.08,0.01,14.0,22.0,0.83,0.5,3,2,113,433,29,28,25.7,6.5,50.21,27.5,46.25,30.42,27.08,25.42,47.08,10.0,58.12,9.17,47.5,19.54,41.12,39.92,26.42,32.25,38.54,10.28,5.99,3.96,6.45,9.64,36.32,Lower-middle,Volume,90
VND,Vendas e Negociação,Comercial,Centro 1,1.67,1.08,26.67,17.24,-0.05,0.02,13.5,18.0,0.92,0.59,2,3,90,443,10,55,11.1,12.4,27.5,38.33,0.0,71.25,33.75,51.67,71.67,28.75,18.75,42.29,30.96,44.34,31.83,28.5,40.92,54.5,28.17,7.96,4.27,6.14,10.9,7.04,36.31,Lower-middle,Regularity,91
LID,Liderança e Comunicação,Gestão,Centro 1,1.83,0.94,29.33,15.11,-0.08,0.01,14.0,27.0,1.0,0.68,3,2,118,431,7,38,5.9,8.8,35.0,28.33,0.0,30.42,27.08,16.67,91.25,61.25,28.96,16.25,38.3,30.46,32.33,12.17,22.92,79.25,23.88,8.08,1.82,3.44,15.85,5.97,35.16,Lower-middle,Regularity,92
EMP,Empilhadores e Movimentação de Cargas,Segurança,Centro 3,2.0,0.93,32.0,14.93,0.01,0.01,9.5,27.0,0.75,0.58,3,2,66,279,17,21,25.8,7.5,43.33,26.88,23.75,30.42,55.0,16.67,24.17,25.83,58.96,11.25,42.22,21.76,36.75,26.42,39.67,24.83,39.88,9.19,3.96,5.95,4.97,9.97,34.04,Lower-middle,Simultaneity,93
ING,Inglês Profissional,Línguas,Centro 4,1.33,0.87,40.0,26.0,0.1,0.01,15.0,20.5,0.83,0.54,2,3,125,629,12,72,9.6,11.4,34.38,43.75,55.83,30.42,18.33,35.83,47.08,15.42,16.67,38.33,33.3,33.54,38.12,45.67,25.33,34.42,25.33,9.53,6.85,3.8,6.88,6.33,33.4,Lower-middle,Volume,94
PRO,Gestão de Projetos,Gestão,Centro 3,1.67,0.67,41.67,16.67,-0.01,0.01,14.5,28.5,0.75,0.44,4,4,93,383,40,34,43.0,8.9,42.71,19.38,0.0,30.42,20.42,4.17,24.17,2.5,83.54,48.96,39.46,22.77,33.38,12.17,13.92,15.5,69.71,8.34,1.82,2.09,3.1,17.43,32.78,Lower-middle,Simultaneity,95
INF,"Infeção, Prevenção e Controlo",Saúde,Centro 2,1.75,1.1,28.0,17.6,-0.05,0.01,10.5,21.0,0.75,0.67,2,3,77,341,8,61,10.4,17.9,30.62,40.42,0.0,30.42,49.17,31.25,24.17,55.42,17.5,59.38,24.24,45.28,34.54,12.17,42.0,36.67,34.25,8.64,1.82,6.3,7.33,8.56,32.66,Lower-middle,Volume,96
GES,Gestão de Equipas,Gestão,Centro 5,1.83,0.82,29.33,13.16,-0.09,0.01,13.0,26.0,0.75,0.52,3,4,90,330,30,31,33.3,9.4,35.0,18.96,0.0,30.42,37.08,20.83,24.17,12.5,63.33,50.62,34.98,27.58,28.58,12.17,30.58,19.5,58.25,7.15,1.82,4.59,3.9,14.56,32.02,Lower-middle,Simultaneity,97
PRO,Gestão de Projetos,Gestão,Centro 1,1.42,0.84,35.42,21.11,0.03,0.0,20.0,28.0,0.92,0.6,2,2,110,497,14,59,12.7,11.9,32.5,36.67,30.42,0.0,9.17,9.17,71.67,31.25,21.67,25.42,33.81,23.15,34.17,18.25,9.17,55.5,23.17,8.54,2.74,1.37,11.1,5.79,29.55,Lower-middle,Regularity,98
INF,"Infeção, Prevenção e Controlo",Saúde,Centro 4,0.92,1.12,14.67,17.96,0.16,0.01,31.5,20.0,0.67,0.66,2,4,44,343,2,41,4.5,12.0,5.42,43.54,72.92,30.42,2.5,40.0,10.83,50.0,12.5,58.12,17.96,45.98,20.67,55.92,17.5,26.5,30.75,5.17,8.39,2.62,5.3,7.69,29.17,Lower-middle,Growth,99
EMP,Empilhadores e Movimentação de Cargas,Segurança,Centro 5,1.75,0.87,28.0,13.87,0.04,0.01,14.0,20.0,0.75,0.56,2,2,58,253,14,20,24.1,7.9,30.62,22.29,33.33,30.42,27.08,40.0,24.17,18.33,38.75,11.67,31.24,22.72,27.29,32.17,32.25,21.83,27.92,6.82,4.82,4.84,4.37,6.98,27.83,Lower-middle,Simultaneity,100
HCP,HACCP Aplicado,Alimentar,Centro 4,1.58,0.87,19.0,10.4,0.09,0.01,14.0,27.5,0.83,0.59,2,3,51,209,2,22,3.9,10.5,20.0,15.0,51.25,30.42,27.08,14.17,47.08,28.75,12.08,35.21,29.19,24.99,18.0,42.92,21.92,39.75,21.33,4.5,6.44,3.29,7.95,5.33,27.51,Lower-middle,Regularity,101
VND,Vendas e Negociação,Comercial,Centro 3,1.5,0.81,24.0,12.98,-0.02,0.01,8.0,28.0,0.75,0.56,3,3,87,371,15,30,17.2,8.1,23.33,17.29,0.0,30.42,68.75,9.17,24.17,18.33,43.33,27.5,31.81,20.8,20.92,12.17,44.92,21.83,37.0,5.23,1.82,6.74,4.37,9.25,27.41,Lower-middle,Simultaneity,102
ING,Inglês Profissional,Línguas,Centro 5,1.08,0.84,32.5,25.33,0.05,0.01,22.0,28.0,0.67,0.57,3,3,87,566,11,76,12.6,13.4,24.79,41.25,37.08,30.42,4.17,9.17,10.83,22.5,36.25,44.79,23.61,31.95,31.38,34.42,6.17,15.5,39.67,7.84,5.16,0.92,3.1,9.92,26.95,Lower-middle,Simultaneity,103
INF,"Infeção, Prevenção e Controlo",Saúde,Centro 5,1.42,0.84,22.67,13.51,0.02,0.01,18.5,24.0,0.92,0.56,2,3,63,278,2,24,3.2,8.6,20.62,20.42,26.67,30.42,11.67,23.33,71.67,18.33,11.67,29.79,28.16,24.28,20.54,28.17,16.33,50.33,18.92,5.14,4.22,2.45,10.07,4.73,26.61,Lower-middle,Regularity,104
HAC,Higiene e Segurança Alimentar,Alimentar,Centro 4,1.83,0.88,14.67,7.02,0.03,0.01,14.0,27.0,0.92,0.57,2,2,57,235,6,16,10.5,6.8,21.04,11.67,30.42,30.42,27.08,16.67,71.67,22.5,18.12,10.0,32.75,16.98,17.29,30.42,22.92,52.0,14.88,4.32,4.56,3.44,10.4,3.72,26.44,Lower-middle,Regularity,105
INF,"Infeção, Prevenção e Controlo",Saúde,Centro 1,1.5,0.76,24.0,12.09,0.07,0.01,14.0,28.0,0.83,0.48,2,3,59,255,7,29,11.9,11.4,23.33,11.67,42.5,30.42,27.08,9.17,47.08,7.08,19.17,38.33,30.48,19.85,18.67,37.67,19.92,31.08,26.83,4.67,5.65,2.99,6.22,6.71,26.23,Lower-middle,Simultaneity,106
HOT,Housekeeping e Operações Hoteleiras,Turismo,Centro 3,1.42,0.79,35.42,19.72,0.15,0.01,16.0,28.0,0.75,0.51,2,2,77,336,11,24,14.3,7.1,32.5,28.75,69.17,30.42,15.42,9.17,24.17,11.25,23.75,10.42,31.58,17.98,31.0,53.67,12.92,19.0,18.42,7.75,8.05,1.94,3.8,4.6,26.14,Lower-middle,Growth,107
SCI,Segurança Contra Incêndios,Segurança,Centro 2,1.33,1.08,10.67,8.62,0.01,0.02,21.0,14.0,0.75,0.56,2,3,42,220,1,29,2.4,13.2,8.12,21.25,23.75,71.25,7.08,73.75,24.17,18.33,11.25,44.38,14.3,41.82,13.38,42.75,33.75,21.83,24.5,3.34,6.41,5.06,4.37,6.12,25.31,Lower-middle,Growth,108
SCI,Segurança Contra Incêndios,Segurança,Centro 5,1.33,0.99,10.67,7.91,0.14,0.01,21.5,20.0,0.83,0.61,2,2,45,227,3,5,6.7,2.2,8.12,15.62,65.0,30.42,5.0,40.0,47.08,33.75,14.17,5.83,25.49,22.68,11.12,51.17,19.0,41.75,10.83,2.78,7.67,2.85,8.35,2.71,24.36,Low,Regularity,109
HOT,Housekeeping e Operações Hoteleiras,Turismo,Centro 4,1.17,0.7,29.17,17.5,0.1,0.01,21.0,28.0,0.75,0.49,3,2,58,303,9,17,15.5,5.6,20.62,22.71,55.83,30.42,7.08,9.17,24.17,8.75,41.04,8.33,29.69,15.45,21.46,45.67,7.92,18.0,27.96,5.36,6.85,1.19,3.6,6.99,23.99,Low,Simultaneity,110
TUR,Atendimento Turístico,Turismo,Centro 4,1.42,0.7,22.67,11.2,0.09,0.01,14.0,26.0,0.67,0.47,2,2,64,235,8,19,12.5,8.1,20.62,10.21,51.25,30.42,27.08,20.83,10.83,5.0,19.79,12.71,24.02,14.42,16.46,42.92,24.58,8.5,16.96,4.11,6.44,3.69,1.7,4.24,20.18,Low,Growth,111
TUR,Atendimento Turístico,Turismo,Centro 1,0.92,0.81,14.67,12.98,0.09,0.01,21.0,28.0,0.67,0.49,1,3,43,256,0,36,0.0,14.1,5.42,17.29,51.25,30.42,7.08,9.17,10.83,8.75,1.25,46.88,12.58,23.73,10.17,42.92,7.92,10.0,19.5,2.54,6.44,1.19,2.0,4.88,17.04,Low,Growth,112
SOC,Socorrismo Básico,Saúde e Segurança,Centro 4,1.25,0.76,20.0,12.09,-0.19,0.01,16.0,28.0,0.67,0.57,2,2,59,261,4,21,6.8,8.0,14.58,11.67,0.0,30.42,15.42,9.17,10.83,22.5,14.58,12.08,11.77,16.38,13.42,12.17,12.92,15.5,13.58,3.35,1.82,1.94,3.1,3.4,13.61,Low,Simultaneity,113
SOC,Socorrismo Básico,Saúde e Segurança,Centro 2,1.17,0.69,18.67,11.02,-0.06,0.01,19.0,32.0,0.75,0.51,2,2,57,227,6,12,10.5,5.3,11.46,8.96,0.0,30.42,10.83,3.33,24.17,11.25,18.12,7.08,13.85,11.32,10.46,12.17,7.83,19.0,13.71,2.61,1.82,1.18,3.8,3.43,12.84,Low,Regularity,114
TUR,Atendimento Turístico,Turismo,Centro 3,1.08,0.58,17.33,9.24,0.03,0.01,19.5,26.0,0.58,0.4,1,3,61,185,0,18,0.0,9.7,8.96,3.96,30.42,30.42,10.0,20.83,4.58,1.25,1.25,34.38,9.53,17.52,6.96,30.42,14.33,3.25,14.5,1.74,4.56,2.15,0.65,3.62,12.73,Low,Growth,115
SCI,Segurança Contra Incêndios,Segurança,Centro 4,0.67,0.88,5.33,7.02,0.04,0.0,37.0,28.0,0.42,0.57,2,3,21,201,2,9,9.5,4.5,1.25,11.67,33.33,0.0,1.67,9.17,1.25,22.5,16.25,21.46,9.88,14.16,5.42,20.0,4.67,9.75,18.33,1.35,3.0,0.7,1.95,4.58,11.59,Low,Simultaneity,116
SOC,Socorrismo Básico,Saúde e Segurança,Centro 5,0.92,0.8,14.67,12.8,-0.01,0.01,25.0,28.0,0.67,0.53,1,2,40,255,0,23,0.0,9.0,5.42,15.42,0.0,30.42,3.33,9.17,10.83,13.75,1.25,17.5,4.33,16.92,9.42,12.17,5.67,12.0,7.75,2.35,1.82,0.85,2.4,1.94,9.37,Low,Regularity,117
EMP,Empilhadores e Movimentação de Cargas,Segurança,Centro 2,1.17,0.67,18.67,10.67,-0.02,0.0,14.5,26.5,0.58,0.48,2,2,48,213,3,5,6.2,2.3,11.46,7.29,0.0,0.0,20.42,19.17,4.58,7.08,13.75,6.25,10.28,7.68,9.79,0.0,19.92,5.58,10.75,2.45,0.0,2.99,1.12,2.69,9.24,Low,Recurrence,118
SOC,Socorrismo Básico,Saúde e Segurança,Centro 1,1.17,0.54,18.67,8.71,-0.04,0.01,18.0,34.5,0.75,0.4,1,2,61,185,0,10,0.0,5.4,11.46,2.5,0.0,30.42,12.5,1.67,24.17,1.25,1.25,7.71,9.89,7.61,7.87,12.17,8.17,15.0,3.83,1.97,1.82,1.22,3.0,0.96,8.98,Low,Regularity,119
GES,Gestão de Equipas,Gestão,Centro 3,0.5,0.62,8.0,9.96,0.1,0.0,21.0,42.5,0.42,0.47,1,2,40,295,0,19,0.0,6.4,1.25,5.83,55.83,0.0,7.08,0.83,1.25,5.0,1.25,8.75,10.31,4.77,3.08,33.5,4.58,2.75,4.25,0.77,5.02,0.69,0.55,1.06,8.1,Low,Growth,120
