course_id,course_name,course_area,local,total_leads_last_13w,total_leads_historical,total_sales_last_13w,total_sales_historical,avg_leads_last_13w,avg_leads_historical,avg_sales_last_13w,avg_sales_historical,total_conversion_rate_last_13w,total_conversion_rate_historical,avg_conversion_rate_last_13w,avg_conversion_rate_historical,pct_with_leads_last_13w,pct_with_leads_historical,pct_with_sales_last_13w,pct_with_sales_historical,leads_weekly_change_avg_last_13w,leads_weekly_change_avg_historical,sales_weekly_change_avg_last_13w,sales_weekly_change_avg_historical,commercial_volume_last_13w_score,commercial_volume_historical_score,commercial_conversion_last_13w_score,commercial_conversion_historical_score,commercial_regularity_last_13w_score,commercial_regularity_historical_score,commercial_growth_last_13w_score,commercial_growth_historical_score,commercial_last_13w_score,commercial_historical_score,commercial_volume_score,commercial_conversion_score,commercial_regularity_score,commercial_growth_score,commercial_volume_contribution,commercial_conversion_contribution,commercial_regularity_contribution,commercial_growth_contribution,commercial_base_score,commercial_pressure_tier,commercial_main_pressure_driver,commercial_priority_rank
EXC,Excel Aplicado à Gestão,Informática,Centro 4,774,9133,278,3162,59.54,52.79,21.38,18.28,35.92,34.62,35.73,33.89,100.0,85.55,100.0,85.55,-3.54,0.1,-1.15,-0.01,94.17,95.83,95.42,93.75,95.42,92.5,0.0,22.92,80.67,83.54,94.83,94.75,94.25,9.17,33.19,23.69,23.56,1.37,81.82,High,Volume,1
PRI,Primeiros Socorros,Saúde e Segurança,Centro 1,508,6562,176,2226,39.08,37.93,13.54,12.87,34.65,33.92,34.26,33.39,84.62,80.92,84.62,80.35,4.0,0.2,1.46,0.06,76.04,82.5,86.67,88.54,71.25,83.75,93.75,62.08,80.16,81.26,78.62,87.42,76.25,81.08,27.52,21.85,19.06,12.16,80.6,High,Volume,2
EXC,Excel Aplicado à Gestão,Informática,Centro 1,562,6173,189,2004,43.23,35.68,14.54,11.58,33.63,32.46,37.39,32.34,100.0,75.72,100.0,75.72,2.0,0.14,0.62,0.05,80.83,75.83,86.25,74.17,95.42,69.79,90.21,53.33,87.24,70.53,78.83,81.42,85.17,75.46,27.59,20.35,21.29,11.32,80.56,High,Volume,3
PBI,Power BI e Visualização de Dados,Informática,Centro 2,1347,11878,438,3751,103.62,68.66,33.69,21.68,32.52,31.58,37.41,31.05,100.0,84.39,100.0,84.39,-3.62,0.31,-1.23,0.08,98.75,98.33,78.33,61.67,95.42,90.0,0.0,70.21,78.0,82.86,98.58,71.67,93.25,28.08,34.5,17.92,23.31,4.21,79.95,High,Volume,4
PBI,Power BI e Visualização de Dados,Informática,Centro 4,954,13260,316,4282,73.38,76.65,24.31,24.75,33.12,32.29,33.02,32.11,92.31,94.22,92.31,94.22,-5.54,0.35,-1.77,0.1,97.08,99.58,70.0,71.67,84.17,100.0,0.0,77.29,72.52,89.36,98.08,70.67,90.5,30.92,34.33,17.67,22.62,4.64,79.26,High,Volume,5
EXC,Excel Aplicado à Gestão,Informática,Centro 2,610,8270,211,2827,46.92,47.8,16.23,16.34,34.59,34.18,33.53,32.73,92.31,87.28,92.31,86.71,-8.77,0.66,-3.08,0.23,84.17,92.5,80.83,85.21,84.17,94.17,0.0,94.79,70.71,91.44,87.5,82.58,88.17,37.92,30.62,20.65,22.04,5.69,79.0,High,Volume,6
HAC,Higiene e Segurança Alimentar,Alimentar,Centro 5,641,6162,224,2123,49.31,35.62,17.23,12.27,34.95,34.45,33.66,33.19,92.31,76.88,92.31,76.88,1.08,-0.33,0.38,-0.15,86.04,77.92,84.79,90.42,84.17,72.5,85.62,0.0,85.2,68.0,82.79,87.04,79.5,51.38,28.98,21.76,19.88,7.71,78.32,High,Volume,7
PRI,Primeiros Socorros,Saúde e Segurança,Centro 3,678,6663,233,2205,52.15,38.51,17.92,12.75,34.37,33.09,34.15,33.16,92.31,85.55,92.31,85.55,-2.08,0.48,-0.69,0.16,88.33,82.5,84.17,83.75,84.17,92.5,0.0,87.29,73.0,86.03,86.0,84.0,87.5,34.92,30.1,21.0,21.88,5.24,78.21,High,Volume,8
SEG,Segurança no Trabalho,Segurança,Centro 5,749,6947,251,2285,57.62,40.16,19.31,13.21,33.51,32.89,32.69,32.47,92.31,78.61,92.31,78.61,-11.23,0.65,-3.92,0.2,91.67,85.83,70.0,77.08,84.17,77.08,0.0,92.5,70.62,82.46,89.33,72.83,81.33,37.0,31.27,18.21,20.33,5.55,75.36,High,Volume,9
LOG,Logística e Gestão de Armazém,Logística,Centro 5,792,6031,257,1946,60.92,34.86,19.77,11.25,32.45,32.27,32.26,32.4,100.0,82.66,100.0,83.24,-2.46,0.3,-0.85,0.09,94.17,73.33,58.54,72.5,95.42,86.46,0.0,70.42,71.45,75.97,85.83,64.12,91.83,28.17,30.04,16.03,22.96,4.23,73.26,Upper-middle,Volume,10
CYB,Cibersegurança Básica,Informática,Centro 4,1651,13502,496,3921,127.0,78.05,38.15,22.66,30.04,29.04,29.06,29.46,100.0,92.49,100.0,92.49,-3.23,1.09,-0.92,0.32,100.0,99.58,29.17,37.08,95.42,99.17,0.0,99.17,66.15,83.79,99.83,32.33,96.92,39.67,34.94,8.08,24.23,5.95,73.2,Upper-middle,Volume,11
PBI,Power BI e Visualização de Dados,Informática,Centro 5,805,5815,241,1698,61.92,33.61,18.54,9.82,29.94,29.2,38.28,28.12,100.0,68.21,100.0,68.79,0.31,0.39,0.08,0.12,92.92,64.17,64.17,31.67,95.42,46.46,80.62,82.92,84.51,54.43,81.42,51.17,75.83,81.54,28.5,12.79,18.96,12.23,72.48,Upper-middle,Volume,12
CYB,Cibersegurança Básica,Informática,Centro 2,1466,11088,434,3188,112.77,64.09,33.38,18.43,29.6,28.75,29.13,28.19,100.0,88.44,100.0,88.44,-11.62,0.71,-3.62,0.21,98.75,97.5,28.54,28.75,95.42,97.08,0.0,95.0,65.55,79.83,98.25,28.62,96.08,38.0,34.39,7.16,24.02,5.7,71.26,Upper-middle,Volume,13
CYB,Cibersegurança Básica,Informática,Centro 1,886,10560,252,2894,68.15,61.04,19.38,16.73,28.44,27.41,28.26,26.94,100.0,79.77,100.0,79.77,1.62,0.23,0.46,0.06,94.58,95.42,16.67,13.12,95.42,81.25,87.92,63.12,74.31,66.46,94.92,15.25,89.75,78.0,33.22,3.81,22.44,11.7,71.17,Upper-middle,Volume,14
SEG,Segurança no Trabalho,Segurança,Centro 3,480,5592,161,1814,36.92,32.32,12.38,10.49,33.54,32.44,31.81,31.93,92.31,75.72,92.31,75.72,6.62,0.03,2.31,0.0,73.33,66.67,62.5,71.67,84.17,69.79,97.5,18.96,76.96,61.54,70.67,66.17,78.42,66.08,24.73,16.54,19.6,9.91,70.79,Upper-middle,Volume,15
SST,Saúde e Segurança no Trabalho,Segurança,Centro 5,686,7734,226,2480,52.77,44.71,17.38,14.34,32.94,32.07,33.09,31.43,76.92,87.86,76.92,87.86,-8.15,0.35,-2.62,0.08,87.92,88.75,68.75,65.42,56.88,95.42,0.0,73.33,62.18,82.27,88.25,67.42,72.29,29.33,30.89,16.85,18.07,4.4,70.21,Upper-middle,Volume,16
SST,Saúde e Segurança no Trabalho,Segurança,Centro 1,509,7748,174,2528,39.15,44.79,13.38,14.61,34.18,32.63,34.02,31.99,69.23,88.44,69.23,87.86,-3.92,0.34,-1.38,0.11,75.83,89.58,81.25,73.54,42.5,96.25,0.0,79.17,57.48,85.68,81.33,78.17,64.0,31.67,28.47,19.54,16.0,4.75,68.76,Upper-middle,Volume,17
SCI,Segurança Contra Incêndios,Segurança,Centro 1,809,6611,254,1961,62.23,38.21,19.54,11.34,31.4,29.66,31.37,28.91,100.0,79.19,100.0,79.19,-8.69,0.7,-2.77,0.21,94.58,78.33,40.0,40.0,95.42,79.17,0.0,94.58,66.96,71.4,88.08,40.0,88.92,37.83,30.83,10.0,22.23,5.68,68.73,Upper-middle,Volume,18
GER,Geriatria e Apoio ao Idoso,Saúde,Centro 3,659,8227,202,2422,50.69,47.55,15.54,14.0,30.65,29.44,29.46,28.73,100.0,89.02,100.0,89.02,-2.85,0.48,-0.77,0.14,84.79,89.58,32.92,37.08,95.42,98.33,0.0,86.67,61.76,78.21,86.71,34.58,96.58,34.67,30.35,8.65,24.15,5.2,68.34,Upper-middle,Volume,19
CYB,Cibersegurança Básica,Informática,Centro 3,1028,9051,281,2391,79.08,52.32,21.62,13.82,27.33,26.42,27.28,25.79,84.62,83.82,84.62,83.82,2.08,0.48,0.62,0.12,97.08,91.25,7.5,5.0,71.25,87.92,90.62,85.42,67.26,67.98,94.75,6.5,77.92,88.54,33.16,1.62,19.48,13.28,67.55,Upper-middle,Volume,20
SST,Saúde e Segurança no Trabalho,Segurança,Centro 4,431,5018,151,1732,33.15,29.01,11.62,10.01,35.03,34.52,34.59,33.68,76.92,70.52,76.92,70.52,4.23,-0.11,1.46,-0.06,64.58,60.0,91.25,92.5,56.88,55.83,94.17,0.0,73.76,58.08,62.75,91.75,56.46,56.5,21.96,22.94,14.11,8.48,67.49,Upper-middle,Conversion,21
PRI,Primeiros Socorros,Saúde e Segurança,Centro 2,348,3911,124,1387,26.77,22.61,9.54,8.02,35.63,35.46,33.91,33.92,84.62,72.25,84.62,72.83,6.69,0.05,2.54,0.01,51.46,32.92,88.33,95.83,71.25,63.33,98.33,41.04,72.66,57.47,44.04,91.33,68.08,75.42,15.41,22.83,17.02,11.31,66.58,Upper-middle,Conversion,22
LOG,Logística e Gestão de Armazém,Logística,Centro 1,406,6533,139,2116,31.23,37.76,10.69,12.23,34.24,32.39,33.97,31.78,84.62,78.03,84.62,78.03,-9.69,0.57,-3.31,0.18,59.79,80.0,81.25,69.79,71.25,75.21,0.0,90.83,59.05,77.88,67.88,76.67,72.83,36.33,23.76,19.17,18.21,5.45,66.58,Upper-middle,Volume,22
VND,Vendas e Negociação,Comercial,Centro 2,455,6836,147,2133,35.0,39.51,11.31,12.33,32.31,31.2,31.79,31.03,100.0,77.46,100.0,77.46,-4.85,0.35,-1.62,0.11,66.67,82.92,52.08,59.17,95.42,73.54,0.0,80.0,60.21,74.2,73.17,54.92,86.67,32.0,25.61,13.73,21.67,4.8,65.8,Upper-middle,Volume,23
LOG,Logística e Gestão de Armazém,Logística,Centro 2,438,5162,152,1759,33.69,29.84,11.69,10.17,34.7,34.08,32.98,34.7,92.31,72.83,92.31,72.83,-1.15,0.07,-0.46,0.02,67.5,60.83,78.75,92.92,84.17,63.96,0.0,43.75,64.35,67.07,64.83,84.42,76.08,17.5,22.69,21.1,19.02,2.62,65.44,Upper-middle,Volume,24
VND,Vendas e Negociação,Comercial,Centro 4,470,5959,154,1909,36.15,34.45,11.85,11.03,32.77,32.04,31.03,31.59,69.23,78.03,69.23,78.03,1.0,0.33,0.38,0.1,70.62,72.08,51.25,65.0,42.5,75.21,85.21,75.42,60.94,71.59,71.21,56.75,55.58,81.29,24.92,14.19,13.9,12.19,65.2,Upper-middle,Volume,25
EXC,Excel Aplicado à Gestão,Informática,Centro 3,572,5788,185,1830,44.0,33.46,14.23,10.58,32.34,31.62,30.79,30.81,76.92,73.41,76.92,73.41,12.46,-0.03,4.08,-0.02,80.42,69.17,45.62,60.62,56.88,65.83,100.0,0.0,68.77,55.82,75.92,51.62,60.46,60.0,26.57,12.91,15.11,9.0,63.59,Upper-middle,Volume,26
PBI,Power BI e Visualização de Dados,Informática,Centro 3,706,8965,209,2606,54.31,51.82,16.08,15.06,29.6,29.07,27.98,28.28,84.62,83.82,84.62,83.82,-7.62,0.76,-2.31,0.23,87.5,92.92,21.25,31.88,71.25,87.92,0.0,96.46,53.75,76.94,89.67,25.5,77.92,38.58,31.38,6.38,19.48,5.79,63.03,Upper-middle,Volume,27
PBI,Power BI e Visualização de Dados,Informática,Centro 1,576,8607,184,2567,44.31,49.75,14.15,14.84,31.94,29.82,31.77,28.99,92.31,84.39,92.31,84.39,-0.46,-0.03,-0.15,-0.02,80.21,92.08,49.17,41.67,84.17,90.0,0.0,0.0,61.41,65.15,84.96,46.17,86.5,0.0,29.74,11.54,21.62,0.0,62.9,Upper-middle,Volume,28
HCP,HACCP Aplicado,Alimentar,Centro 1,522,3434,176,1121,40.15,19.85,13.54,6.48,33.72,32.64,33.46,34.18,92.31,64.74,92.31,64.74,0.38,-0.03,0.15,-0.02,76.88,19.58,75.83,85.42,84.17,35.62,82.5,0.0,79.28,37.11,53.96,79.67,64.75,49.5,18.89,19.92,16.19,7.42,62.41,Upper-middle,Conversion,29
PYT,Introdução à Programação em Python,Informática,Centro 2,630,10608,184,2978,48.46,61.32,14.15,17.21,29.21,28.07,28.16,27.56,84.62,85.55,84.62,85.55,-7.62,0.59,-2.23,0.17,81.88,96.25,20.21,19.79,71.25,92.5,0.0,90.42,51.52,75.32,87.62,20.04,79.75,36.17,30.67,5.01,19.94,5.42,61.04,Upper-middle,Volume,30
MNT,Manutenção Industrial Básica,Manutenção,Centro 5,772,6329,224,1783,59.38,36.58,17.23,10.31,29.02,28.17,27.31,28.2,100.0,80.35,100.0,80.35,-3.69,0.31,-1.08,0.09,89.79,72.5,14.17,26.25,95.42,83.12,0.0,71.67,58.82,63.47,82.88,19.0,90.5,28.67,29.01,4.75,22.62,4.3,60.68,Upper-middle,Volume,31
HAC,Higiene e Segurança Alimentar,Alimentar,Centro 3,390,4574,134,1562,30.0,26.44,10.31,9.03,34.36,34.15,34.34,33.14,84.62,71.68,84.62,71.68,-1.85,0.06,-0.62,0.01,57.71,46.25,85.0,88.12,71.25,60.21,0.0,41.46,59.26,59.49,53.12,86.25,66.83,16.58,18.59,21.56,16.71,2.49,59.35,Upper-middle,Conversion,32
SST,Saúde e Segurança no Trabalho,Segurança,Centro 2,332,5586,116,1891,25.54,32.29,8.92,10.93,34.94,33.85,34.62,32.84,69.23,79.77,69.23,79.77,-2.15,0.18,-0.69,0.05,47.08,68.12,90.0,83.75,42.5,81.25,0.0,57.08,49.6,73.66,55.5,87.5,58.0,22.83,19.42,21.88,14.5,3.42,59.22,Upper-middle,Conversion,33
PRI,Primeiros Socorros,Saúde e Segurança,Centro 4,291,4409,108,1591,22.38,25.49,8.31,9.2,37.11,36.09,35.85,35.01,76.92,62.43,76.92,62.43,3.77,-0.1,1.46,-0.05,39.58,45.0,97.08,98.75,56.88,30.0,93.33,0.0,66.34,47.94,41.75,97.75,46.12,56.0,14.61,24.44,11.53,8.4,58.98,Upper-middle,Conversion,34
HAC,Higiene e Segurança Alimentar,Alimentar,Centro 1,288,4627,102,1604,22.15,26.75,7.85,9.27,35.42,34.67,34.73,33.93,69.23,73.99,69.23,73.99,0.15,-0.04,0.08,-0.02,37.29,50.0,93.75,95.0,42.5,67.5,79.17,0.0,58.99,58.12,42.38,94.25,52.5,47.5,14.83,23.56,13.12,7.12,58.64,Upper-middle,Conversion,35
INF,"Infeção, Prevenção e Controlo",Saúde,Centro 3,489,6676,157,2021,37.62,38.59,12.08,11.68,32.11,30.27,31.99,29.57,76.92,88.44,76.92,87.86,0.0,-0.01,0.0,-0.01,73.33,80.0,53.33,45.0,56.88,96.25,0.0,0.0,53.22,63.31,76.0,50.0,72.62,0.0,26.6,12.5,18.16,0.0,57.26,Upper-middle,Volume,36
HOT,Housekeeping e Operações Hoteleiras,Turismo,Centro 2,394,4800,134,1589,30.31,27.75,10.31,9.18,34.01,33.1,33.48,32.92,84.62,67.05,84.62,67.05,-2.23,0.17,-0.69,0.05,58.12,50.42,77.08,82.5,71.25,41.04,0.0,55.62,57.43,56.88,55.04,79.25,59.17,22.25,19.26,19.81,14.79,3.34,57.21,Upper-middle,Conversion,37
SEG,Segurança no Trabalho,Segurança,Centro 2,254,4519,91,1571,19.54,26.12,7.0,9.08,35.83,34.76,33.17,33.39,92.31,71.1,92.31,70.52,-3.62,0.28,-1.31,0.1,28.54,45.42,84.58,93.12,84.17,57.29,0.0,71.88,52.18,64.28,35.29,88.0,73.42,28.75,12.35,22.0,18.35,4.31,57.02,Upper-middle,Conversion,38
MNT,Manutenção Industrial Básica,Manutenção,Centro 2,478,3572,152,1088,36.77,20.65,11.69,6.29,31.8,30.46,31.93,29.44,92.31,64.74,92.31,64.16,0.23,0.13,0.15,0.04,70.0,20.0,50.0,44.58,84.17,34.79,81.46,49.58,70.26,34.28,50.0,47.83,64.42,68.71,17.5,11.96,16.1,10.31,55.87,Upper-middle,Volume,39
HAC,Higiene e Segurança Alimentar,Alimentar,Centro 4,355,3320,133,1217,27.31,19.19,10.23,7.03,37.46,36.66,37.0,35.53,61.54,63.58,61.54,63.58,1.23,0.01,0.54,0.0,54.17,21.67,98.75,100.0,29.79,31.67,87.92,16.88,64.28,43.03,41.17,99.25,30.54,59.5,14.41,24.81,7.64,8.92,55.78,Upper-middle,Conversion,40
LID,Liderança e Comunicação,Gestão,Centro 4,450,6095,144,1820,34.62,35.23,11.08,10.52,32.0,29.86,31.88,28.77,76.92,80.35,76.92,80.35,-0.85,0.17,-0.23,0.04,65.21,71.67,51.25,41.67,56.88,83.12,0.0,52.71,49.85,64.19,67.79,47.42,67.38,21.08,23.73,11.85,16.84,3.16,55.59,Upper-middle,Volume,41
PRI,Primeiros Socorros,Saúde e Segurança,Centro 5,433,4238,150,1420,33.31,24.5,11.54,8.21,34.64,33.51,33.66,33.05,69.23,70.52,69.23,70.52,-0.08,0.1,0.0,0.03,65.42,37.5,82.29,84.58,42.5,55.83,0.0,46.25,54.09,55.17,54.25,83.21,47.83,18.5,18.99,20.8,11.96,2.78,54.52,Upper-middle,Conversion,42
PYT,Introdução à Programação em Python,Informática,Centro 1,696,7701,188,2052,53.54,44.51,14.46,11.86,27.01,26.65,26.17,25.98,84.62,75.14,84.62,75.72,-20.38,1.67,-5.85,0.46,85.0,83.33,3.75,7.08,71.25,68.96,0.0,100.0,48.5,63.18,84.33,5.08,70.33,40.0,29.52,1.27,17.58,6.0,54.37,Upper-middle,Volume,43
HOT,Housekeeping e Operações Hoteleiras,Turismo,Centro 5,406,6026,131,1848,31.23,34.83,10.08,10.68,32.27,30.67,32.18,29.67,53.85,79.19,53.85,79.19,2.85,-0.01,0.92,-0.02,57.71,71.25,55.0,48.96,18.75,79.17,91.67,0.0,52.39,56.97,63.12,52.58,42.92,55.0,22.09,13.15,10.73,8.25,54.22,Upper-middle,Volume,44
SEG,Segurança no Trabalho,Segurança,Centro 1,201,8206,67,2729,15.46,47.43,5.15,15.77,33.33,33.26,31.65,32.89,53.85,84.39,53.85,84.39,5.15,-0.2,1.77,-0.08,15.42,91.25,59.38,82.5,18.75,90.0,96.67,0.0,39.43,75.06,45.75,68.62,47.25,58.0,16.01,17.16,11.81,8.7,53.68,Upper-middle,Conversion,45
PRO,Gestão de Projetos,Gestão,Centro 2,623,6287,180,1767,47.92,36.34,13.85,10.21,28.89,28.11,28.45,26.63,92.31,67.63,92.31,67.05,-4.08,0.33,-1.23,0.1,80.83,71.25,20.0,15.42,84.17,41.88,0.0,75.42,54.33,50.57,77.0,18.17,67.25,30.17,26.95,4.54,16.81,4.53,52.83,Upper-middle,Volume,46
LOG,Logística e Gestão de Armazém,Logística,Centro 3,412,5421,136,1714,31.69,31.34,10.46,9.91,33.01,31.62,32.97,31.11,76.92,72.25,76.92,72.25,-2.15,-0.04,-0.69,-0.03,60.0,61.67,68.33,62.71,56.88,62.5,0.0,0.0,52.3,52.89,60.67,66.08,59.12,0.0,21.23,16.52,14.78,0.0,52.54,Upper-middle,Volume,47
GER,Geriatria e Apoio ao Idoso,Saúde,Centro 2,325,4969,108,1615,25.0,28.72,8.31,9.34,33.23,32.5,31.61,31.99,92.31,75.72,92.31,75.72,0.0,-0.06,0.0,-0.03,43.54,55.0,57.5,73.12,84.17,69.79,0.0,0.0,50.66,54.98,48.12,63.75,78.42,0.0,16.84,15.94,19.6,0.0,52.39,Upper-middle,Regularity,48
ING,Inglês Profissional,Línguas,Centro 2,705,5223,228,1619,54.23,30.19,17.54,9.36,32.34,31.0,32.09,30.25,76.92,63.58,76.92,63.58,0.0,-0.06,0.0,-0.03,89.17,57.5,55.62,55.0,56.88,31.67,0.0,0.0,59.33,41.79,76.5,55.38,46.79,0.0,26.78,13.84,11.7,0.0,52.32,Upper-middle,Volume,49
SST,Saúde e Segurança no Trabalho,Segurança,Centro 3,333,5627,110,1776,25.62,32.53,8.46,10.27,33.03,31.56,32.36,31.18,76.92,71.68,76.92,71.68,-5.23,0.15,-1.69,0.03,45.42,65.83,64.58,62.08,56.88,60.21,0.0,49.17,46.26,60.99,53.58,63.58,58.21,19.67,18.75,15.9,14.55,2.95,52.15,Upper-middle,Volume,50
HCP,HACCP Aplicado,Alimentar,Centro 4,433,2946,152,1003,33.31,17.03,11.69,5.8,35.1,34.05,34.1,33.42,84.62,59.54,84.62,59.54,-0.31,-0.1,-0.08,-0.05,66.67,14.17,89.17,89.58,71.25,23.33,0.0,0.0,63.44,33.19,45.67,89.33,52.08,0.0,15.98,22.33,13.02,0.0,51.34,Upper-middle,Conversion,51
INF,"Infeção, Prevenção e Controlo",Saúde,Centro 2,364,3931,120,1296,28.0,22.72,9.23,7.49,32.97,32.97,31.62,32.57,92.31,64.16,92.31,64.16,-1.15,0.17,-0.46,0.05,52.08,30.62,56.25,78.33,84.17,33.96,0.0,55.62,53.33,47.14,43.5,65.08,64.08,22.25,15.22,16.27,16.02,3.34,50.85,Upper-middle,Conversion,52
FOR,Formação Pedagógica Inicial de Formadores,Formação,Centro 3,728,5001,202,1355,56.0,28.91,15.54,7.83,27.75,27.09,27.14,27.76,92.31,69.94,92.31,69.94,-1.08,0.37,-0.31,0.1,87.29,45.62,9.17,17.5,84.17,51.25,0.0,78.12,53.89,44.88,70.62,12.5,71.0,31.25,24.72,3.12,17.75,4.69,50.28,Upper-middle,Volume,53
FOR,Formação Pedagógica Inicial de Formadores,Formação,Centro 2,379,5631,121,1680,29.15,32.55,9.31,9.71,31.93,29.83,31.0,28.65,69.23,67.63,69.23,67.63,1.38,-0.33,0.46,-0.13,53.75,62.5,43.33,40.21,42.5,43.12,87.5,0.0,53.4,42.71,57.25,42.08,42.75,52.5,20.04,10.52,10.69,7.88,49.12,Lower-middle,Volume,54
EMP,Empilhadores e Movimentação de Cargas,Segurança,Centro 1,304,4524,99,1414,23.38,26.15,7.62,8.17,32.57,31.26,32.44,30.46,76.92,68.21,76.92,67.63,0.54,0.0,0.15,0.0,37.5,40.62,61.25,57.92,56.88,44.58,82.92,0.0,55.09,39.84,38.75,59.92,51.96,49.75,13.56,14.98,12.99,7.46,48.99,Lower-middle,Conversion,55
SEG,Segurança no Trabalho,Segurança,Centro 4,244,5244,84,1853,18.77,30.31,6.46,10.71,34.43,35.34,32.25,34.19,69.23,78.61,69.23,78.61,-2.31,-0.04,-0.77,-0.04,25.42,65.42,71.25,96.67,42.5,77.08,0.0,0.0,37.33,66.33,41.42,81.42,56.33,0.0,14.5,20.35,14.08,0.0,48.93,Lower-middle,Conversion,56
GES,Gestão de Equipas,Gestão,Centro 4,423,5838,125,1722,32.54,33.75,9.62,9.95,29.55,29.5,28.34,28.45,84.62,66.47,84.62,66.47,-13.85,0.78,-4.23,0.19,57.5,66.25,24.17,36.04,71.25,39.17,0.0,94.58,43.98,56.18,61.0,28.92,58.42,37.83,21.35,7.23,14.6,5.68,48.86,Lower-middle,Volume,57
MNT,Manutenção Industrial Básica,Manutenção,Centro 1,342,7177,102,2049,26.31,41.49,7.85,11.84,29.82,28.55,28.27,27.45,76.92,79.19,76.92,79.19,-2.85,0.41,-0.77,0.11,45.21,82.5,25.0,21.25,56.88,79.17,0.0,81.88,36.29,66.26,60.12,23.5,65.79,32.75,21.04,5.88,16.45,4.91,48.28,Lower-middle,Volume,58
EXC,Excel Aplicado à Gestão,Informática,Centro 5,231,6856,77,2208,17.77,39.63,5.92,12.76,33.33,32.21,32.33,31.9,53.85,82.66,53.85,82.66,-0.08,0.17,-0.08,0.04,22.08,84.17,65.83,68.75,18.75,86.04,0.0,52.71,28.88,76.06,46.92,67.0,45.67,21.08,16.42,16.75,11.42,3.16,47.75,Lower-middle,Conversion,59
EMP,Empilhadores e Movimentação de Cargas,Segurança,Centro 4,363,2884,127,971,27.92,16.67,9.77,5.61,34.99,33.67,34.24,32.73,84.62,56.07,84.62,56.07,-2.31,0.02,-0.77,-0.01,53.33,11.25,89.17,82.29,71.25,15.83,0.0,17.71,58.77,31.12,36.5,86.42,49.08,7.08,12.77,21.6,12.27,1.06,47.71,Lower-middle,Conversion,60
MNT,Manutenção Industrial Básica,Manutenção,Centro 3,493,4961,145,1381,37.92,28.68,11.15,7.98,29.41,27.84,27.56,26.72,76.92,73.41,76.92,73.41,0.15,-0.05,0.08,-0.02,68.75,45.0,17.92,13.75,56.88,65.83,79.17,0.0,54.64,35.65,59.25,16.25,60.46,47.5,20.74,4.06,15.11,7.12,47.04,Lower-middle,Volume,61
VND,Vendas e Negociação,Comercial,Centro 1,365,4817,114,1411,28.08,27.84,8.77,8.16,31.23,29.29,31.59,28.07,69.23,70.52,69.23,69.94,8.62,-0.03,2.62,-0.01,51.04,44.58,40.83,31.46,42.5,53.33,99.17,0.0,53.57,36.8,48.46,37.08,46.83,59.5,16.96,9.27,11.71,8.92,46.86,Lower-middle,Volume,62
INF,"Infeção, Prevenção e Controlo",Saúde,Centro 5,432,3241,142,992,33.23,18.73,10.92,5.73,32.87,30.61,32.76,29.53,84.62,56.07,84.62,56.07,0.0,0.24,0.0,0.08,62.08,16.04,66.25,46.67,71.25,15.83,0.0,66.46,56.1,31.21,43.67,58.42,49.08,26.58,15.28,14.6,12.27,3.99,46.15,Lower-middle,Volume,63
GER,Geriatria e Apoio ao Idoso,Saúde,Centro 4,280,4883,94,1597,21.54,28.23,7.23,9.23,33.57,32.71,33.63,31.71,46.15,78.03,46.15,77.46,-4.15,0.3,-1.38,0.1,32.29,52.5,76.25,70.83,10.83,74.38,0.0,72.92,33.07,65.61,40.38,74.08,36.25,29.17,14.13,18.52,9.06,4.38,46.09,Lower-middle,Conversion,64
HCP,HACCP Aplicado,Alimentar,Centro 3,295,4547,95,1418,22.69,26.28,7.31,8.2,32.2,31.19,32.19,30.96,76.92,70.52,76.92,70.52,-4.15,0.26,-1.31,0.08,35.42,42.08,55.0,58.33,56.88,55.83,0.0,67.5,40.36,53.4,38.08,56.33,56.46,27.0,13.33,14.08,14.11,4.05,45.58,Lower-middle,Regularity,65
CYB,Cibersegurança Básica,Informática,Centro 5,560,8417,156,2252,43.08,48.65,12.0,13.02,27.86,26.76,27.96,26.12,69.23,76.3,69.23,76.3,-0.85,-0.15,-0.23,-0.06,75.62,89.17,12.5,8.33,42.5,71.67,0.0,0.0,40.22,51.21,81.04,10.83,54.17,0.0,28.36,2.71,13.54,0.0,44.61,Lower-middle,Volume,66
HOT,Housekeeping e Operações Hoteleiras,Turismo,Centro 1,441,3815,144,1183,33.92,22.05,11.08,6.84,32.65,31.01,32.67,30.53,76.92,60.12,76.92,60.12,0.0,-0.03,0.0,-0.02,64.79,24.17,63.75,56.67,56.88,25.0,0.0,0.0,52.83,28.88,48.54,60.92,44.12,0.0,16.99,15.23,11.03,0.0,43.25,Lower-middle,Volume,67
INF,"Infeção, Prevenção e Controlo",Saúde,Centro 4,289,2974,99,991,22.23,17.19,7.62,5.73,34.26,33.32,33.23,32.81,76.92,60.69,76.92,60.69,-1.08,0.12,-0.38,0.04,35.21,13.54,77.5,81.67,56.88,26.04,0.0,49.17,45.92,39.04,26.54,79.17,44.54,19.67,9.29,19.79,11.14,2.95,43.17,Lower-middle,Conversion,68
HAC,Higiene e Segurança Alimentar,Alimentar,Centro 2,211,3874,79,1413,16.23,22.39,6.08,8.17,37.44,36.47,34.04,34.73,46.15,70.52,46.15,69.94,-0.31,0.04,-0.15,0.02,21.46,33.96,92.08,98.75,10.83,53.33,0.0,42.29,33.24,56.25,26.46,94.75,27.83,16.92,9.26,23.69,6.96,2.54,42.44,Lower-middle,Conversion,69
PRO,Gestão de Projetos,Gestão,Centro 4,503,6061,148,1712,38.69,35.03,11.38,9.9,29.42,28.25,28.24,27.39,76.92,68.21,76.92,68.21,-0.08,-0.03,0.0,-0.03,70.0,67.08,22.08,19.17,56.88,45.83,0.0,0.0,44.24,39.73,68.83,20.92,52.46,0.0,24.09,5.23,13.11,0.0,42.44,Lower-middle,Volume,70
FOR,Formação Pedagógica Inicial de Formadores,Formação,Centro 4,315,5720,101,1706,24.23,33.06,7.77,9.86,32.06,29.83,32.49,28.86,69.23,69.36,69.23,69.36,-0.23,-0.21,-0.08,-0.08,40.42,63.75,57.29,41.46,42.5,48.33,0.0,0.0,39.09,44.76,49.75,50.96,44.83,0.0,17.41,12.74,11.21,0.0,41.36,Lower-middle,Volume,71
LID,Liderança e Comunicação,Gestão,Centro 2,304,7029,97,2078,23.38,40.63,7.46,12.01,31.91,29.56,30.94,28.39,53.85,81.5,53.85,82.08,0.0,-0.15,0.0,-0.06,36.67,82.92,42.5,35.42,18.75,85.0,0.0,0.0,28.15,59.12,55.17,39.67,45.25,0.0,19.31,9.92,11.31,0.0,40.54,Lower-middle,Volume,72
LOG,Logística e Gestão de Armazém,Logística,Centro 4,211,3915,78,1353,16.23,22.63,6.0,7.82,36.97,34.56,36.38,33.18,46.15,71.68,46.15,72.25,-1.38,-0.16,-0.54,-0.08,20.83,31.67,97.08,90.83,10.83,61.25,0.0,0.0,34.27,49.1,25.17,94.58,31.0,0.0,8.81,23.65,7.75,0.0,40.2,Lower-middle,Conversion,73
TUR,Atendimento Turístico,Turismo,Centro 2,338,3812,115,1232,26.0,22.03,8.85,7.12,34.02,32.32,30.86,31.92,61.54,65.9,61.54,65.9,-3.31,0.07,-1.08,0.01,48.12,25.62,57.92,70.42,29.79,37.08,0.0,42.08,38.77,42.16,39.12,62.92,32.71,16.83,13.69,15.73,8.18,2.52,40.12,Lower-middle,Conversion,74
PYT,Introdução à Programação em Python,Informática,Centro 3,433,6197,120,1566,33.31,35.82,9.23,9.05,27.71,25.27,26.49,24.51,53.85,61.85,53.85,61.85,4.46,0.22,1.31,0.06,57.71,63.33,7.5,1.25,18.75,28.75,93.75,62.71,40.82,39.07,59.96,5.0,22.75,81.33,20.99,1.25,5.69,12.2,40.12,Lower-middle,Volume,75
PYT,Introdução à Programação em Python,Informática,Centro 5,583,4540,156,1186,44.85,26.24,12.0,6.86,26.76,26.12,26.22,26.11,84.62,58.38,84.62,58.38,-10.46,0.79,-2.77,0.21,77.29,32.08,2.5,5.83,71.25,19.79,0.0,96.25,45.49,32.07,59.21,3.83,50.67,38.5,20.72,0.96,12.67,5.78,40.12,Lower-middle,Volume,76
ING,Inglês Profissional,Línguas,Centro 4,348,4041,114,1240,26.77,23.36,8.77,7.17,32.76,30.69,31.45,29.78,84.62,58.38,84.62,58.38,0.0,0.0,0.0,0.0,48.75,29.58,51.67,50.83,71.25,19.79,0.0,0.0,47.79,28.01,41.08,51.33,50.67,0.0,14.38,12.83,12.67,0.0,39.88,Lower-middle,Volume,77
TUR,Atendimento Turístico,Turismo,Centro 5,319,4253,101,1265,24.54,24.58,7.77,7.31,31.66,29.74,31.9,28.56,61.54,67.63,61.54,67.63,-10.77,0.84,-3.31,0.26,40.83,30.83,48.33,38.33,29.79,43.12,0.0,98.33,33.82,45.91,36.83,44.33,35.12,39.33,12.89,11.08,8.78,5.9,38.66,Lower-middle,Volume,78
VND,Vendas e Negociação,Comercial,Centro 5,334,4887,101,1426,25.69,28.25,7.77,8.24,30.24,29.18,29.08,28.07,84.62,68.21,84.62,67.63,-0.38,-0.02,-0.15,-0.02,42.92,47.92,30.83,30.62,71.25,44.58,0.0,0.0,40.54,35.57,44.92,30.75,60.58,0.0,15.72,7.69,15.15,0.0,38.55,Lower-middle,Volume,79
MNT,Manutenção Industrial Básica,Manutenção,Centro 4,193,4676,63,1434,14.85,27.03,4.85,8.29,32.64,30.67,32.64,29.77,61.54,69.94,61.54,69.94,-5.0,0.51,-1.69,0.17,12.92,45.83,62.92,49.79,29.79,51.25,0.0,89.58,27.7,54.74,26.08,57.67,38.38,35.83,9.13,14.42,9.59,5.38,38.51,Lower-middle,Conversion,80
HCP,HACCP Aplicado,Alimentar,Centro 2,146,3608,51,1232,11.23,20.86,3.92,7.12,34.93,34.15,34.67,33.07,61.54,63.58,61.54,63.58,-2.23,0.17,-0.77,0.06,7.71,24.79,90.0,87.71,29.79,31.67,0.0,58.33,32.65,47.27,14.54,89.08,30.54,23.33,5.09,22.27,7.64,3.5,38.5,Lower-middle,Conversion,81
TUR,Atendimento Turístico,Turismo,Centro 4,266,2529,93,834,20.46,14.62,7.15,4.82,34.96,32.98,33.32,32.29,61.54,52.02,61.54,52.02,-3.92,0.3,-1.38,0.1,30.42,6.25,82.92,77.08,29.79,7.5,0.0,72.92,38.82,34.27,20.75,80.58,20.87,29.17,7.26,20.15,5.22,4.38,37.0,Lower-middle,Conversion,82
LID,Liderança e Comunicação,Gestão,Centro 3,550,4429,154,1211,42.31,25.6,11.85,7.0,28.0,27.34,27.53,26.74,69.23,55.49,69.23,55.49,-5.38,0.41,-1.54,0.12,74.38,31.04,11.67,11.67,42.5,14.17,0.0,83.54,39.57,29.85,57.04,11.67,31.17,33.42,19.96,2.92,7.79,5.01,35.69,Lower-middle,Volume,83
LID,Liderança e Comunicação,Gestão,Centro 1,384,4934,112,1382,29.54,28.52,8.62,7.99,29.17,28.01,28.03,28.01,69.23,66.47,69.23,66.47,-1.38,0.1,-0.54,0.04,51.25,45.0,18.54,21.67,42.5,39.17,0.0,48.33,33.2,38.21,48.75,19.79,41.17,19.33,17.06,4.95,10.29,2.9,35.2,Lower-middle,Volume,84
INF,"Infeção, Prevenção e Controlo",Saúde,Centro 1,291,2689,97,844,22.38,15.54,7.46,4.88,33.33,31.39,31.84,30.89,76.92,56.07,76.92,56.07,-1.92,0.01,-0.62,-0.01,35.0,7.92,61.67,59.58,56.88,15.83,0.0,16.88,41.89,24.16,24.17,60.83,40.46,6.75,8.46,15.21,10.11,1.01,34.79,Lower-middle,Conversion,85
LID,Liderança e Comunicação,Gestão,Centro 5,330,5373,94,1487,25.38,31.06,7.23,8.6,28.48,27.68,28.03,26.56,61.54,73.41,61.54,73.41,-2.69,0.2,-0.77,0.05,38.12,53.96,15.21,11.25,29.79,65.83,0.0,59.38,24.59,47.06,44.46,13.62,44.21,23.75,15.56,3.41,11.05,3.56,33.58,Lower-middle,Volume,86
SCI,Segurança Contra Incêndios,Segurança,Centro 2,251,4302,80,1344,19.31,24.87,6.15,7.77,31.87,31.24,30.72,30.28,61.54,61.27,61.54,60.69,-2.62,0.19,-0.92,0.07,25.83,34.17,40.83,57.08,29.79,26.67,0.0,62.29,26.7,42.24,29.17,47.33,28.54,24.92,10.21,11.83,7.14,3.74,32.91,Lower-middle,Conversion,87
GES,Gestão de Equipas,Gestão,Centro 2,338,5266,100,1506,26.0,30.44,7.69,8.71,29.59,28.6,28.74,27.6,53.85,66.47,53.85,66.47,-0.38,0.03,-0.08,0.01,42.71,54.17,25.42,23.75,18.75,39.17,0.0,39.58,25.99,40.62,47.29,24.75,26.92,15.83,16.55,6.19,6.73,2.37,31.84,Lower-middle,Volume,88
ING,Inglês Profissional,Línguas,Centro 3,267,5587,78,1569,20.54,32.29,6.0,9.07,29.21,28.08,28.31,27.45,61.54,61.27,61.54,61.27,-2.54,0.46,-0.77,0.12,27.29,57.29,21.88,18.96,29.79,27.29,0.0,84.58,22.47,44.3,39.29,20.71,28.79,33.83,13.75,5.18,7.2,5.08,31.2,Lower-middle,Volume,89
EMP,Empilhadores e Movimentação de Cargas,Segurança,Centro 2,129,1925,45,634,9.92,11.13,3.46,3.66,34.88,32.94,34.45,31.78,46.15,41.04,46.15,41.04,0.23,-0.04,0.08,-0.02,5.83,1.25,88.33,73.12,10.83,1.67,80.0,0.0,38.83,19.14,4.0,82.25,7.17,48.0,1.4,20.56,1.79,7.2,30.95,Lower-middle,Conversion,90
GER,Geriatria e Apoio ao Idoso,Saúde,Centro 5,118,5526,37,1645,9.08,31.94,2.85,9.51,31.36,29.77,31.58,28.45,38.46,71.1,38.46,70.52,-1.77,0.3,-0.62,0.1,5.0,60.0,41.25,38.12,7.08,57.29,0.0,72.92,13.83,55.79,27.0,40.0,27.17,29.17,9.45,10.0,6.79,4.38,30.62,Lower-middle,Conversion,91
GES,Gestão de Equipas,Gestão,Centro 1,466,3607,128,976,35.85,20.85,9.85,5.64,27.47,27.06,26.89,25.97,76.92,51.45,76.92,51.45,-3.92,0.24,-1.15,0.06,62.5,17.5,7.5,7.5,56.88,6.67,0.0,63.75,37.97,19.23,44.5,7.5,36.79,25.5,15.58,1.88,9.2,3.82,30.47,Lower-middle,Volume,92
SCI,Segurança Contra Incêndios,Segurança,Centro 3,311,4429,91,1267,23.92,25.6,7.0,7.32,29.26,28.61,28.14,27.56,61.54,69.94,61.54,69.94,-2.08,0.19,-0.62,0.04,35.21,33.96,20.42,23.54,29.79,51.25,0.0,55.21,24.88,38.86,34.71,21.67,38.38,22.08,12.15,5.42,9.59,3.31,30.47,Lower-middle,Volume,93
HOT,Housekeeping e Operações Hoteleiras,Turismo,Centro 4,66,2375,24,794,5.08,13.73,1.85,4.59,36.36,33.43,34.72,32.87,23.08,53.18,23.08,53.18,-6.62,0.49,-2.31,0.16,2.5,3.33,95.0,82.92,2.92,8.96,0.0,88.12,25.35,37.35,2.83,90.17,5.33,35.25,0.99,22.54,1.33,5.29,30.15,Lower-middle,Conversion,94
GER,Geriatria e Apoio ao Idoso,Saúde,Centro 1,202,4859,64,1487,15.54,28.09,4.92,8.6,31.68,30.6,31.52,29.65,38.46,69.94,38.46,69.94,-2.46,0.08,-0.77,0.01,15.21,48.54,43.12,47.29,7.08,51.25,0.0,42.71,17.88,48.03,28.54,44.79,24.75,17.08,9.99,11.2,6.19,2.56,29.94,Lower-middle,Conversion,95
PYT,Introdução à Programação em Python,Informática,Centro 4,252,6403,76,1812,19.38,37.01,5.85,10.47,30.16,28.3,28.8,27.52,46.15,71.68,46.15,71.68,0.0,-0.27,0.0,-0.1,24.17,73.33,29.17,21.25,10.83,60.21,0.0,0.0,18.46,46.03,43.83,26.0,30.58,0.0,15.34,6.5,7.65,0.0,29.49,Lower-middle,Volume,96
SCI,Segurança Contra Incêndios,Segurança,Centro 4,151,2539,49,814,11.62,14.68,3.77,4.71,32.45,32.06,32.39,31.77,53.85,47.98,53.85,47.98,0.77,-0.02,0.23,-0.01,7.92,6.25,59.79,66.67,18.75,5.62,84.17,0.0,35.03,20.26,7.25,62.54,13.5,50.5,2.54,15.64,3.38,7.57,29.12,Lower-middle,Conversion,97
HCP,HACCP Aplicado,Alimentar,Centro 5,62,4570,21,1462,4.77,26.42,1.62,8.45,33.87,31.99,33.82,31.72,23.08,65.9,23.08,65.9,0.0,-0.23,0.0,-0.1,1.67,44.17,78.75,65.42,2.92,37.08,0.0,0.0,21.0,41.08,18.67,73.42,16.58,0.0,6.53,18.35,4.15,0.0,29.03,Lower-middle,Conversion,98
HOT,Housekeeping e Operações Hoteleiras,Turismo,Centro 3,224,3229,70,988,17.23,18.66,5.38,5.71,31.25,30.6,29.69,30.24,69.23,54.91,69.23,54.91,-5.62,0.33,-1.77,0.1,18.96,15.0,35.0,50.62,42.5,12.92,0.0,75.42,26.01,32.45,17.38,41.25,30.67,30.17,6.08,10.31,7.67,4.53,28.59,Lower-middle,Conversion,99
EMP,Empilhadores e Movimentação de Cargas,Segurança,Centro 5,213,2984,70,923,16.38,17.25,5.38,5.34,32.86,30.93,32.49,29.88,46.15,59.54,46.15,59.54,-2.92,0.19,-1.0,0.06,18.12,11.25,63.96,53.33,10.83,23.33,0.0,60.83,25.04,32.23,15.38,59.71,15.83,24.33,5.38,14.93,3.96,3.65,27.92,Lower-middle,Conversion,100
SOC,Socorrismo Básico,Saúde e Segurança,Centro 3,214,5001,62,1389,16.46,28.91,4.77,8.03,28.97,27.77,29.41,26.81,61.54,68.79,61.54,68.21,-2.54,0.19,-0.69,0.05,15.62,47.29,24.17,13.75,29.79,46.88,0.0,58.12,18.96,40.43,28.29,20.0,36.62,23.25,9.9,5.0,9.16,3.49,27.55,Lower-middle,Volume,101
FOR,Formação Pedagógica Inicial de Formadores,Formação,Centro 5,364,4585,105,1271,28.0,26.5,8.08,7.35,28.85,27.72,27.49,26.96,53.85,61.85,53.85,61.85,-1.08,0.03,-0.31,0.01,48.12,37.5,12.92,14.58,18.75,28.75,0.0,39.58,24.76,29.9,43.88,13.58,22.75,15.83,15.36,3.4,5.69,2.37,26.81,Lower-middle,Volume,102
PRO,Gestão de Projetos,Gestão,Centro 1,238,3571,64,945,18.31,20.64,4.92,5.46,26.89,26.46,24.26,25.64,76.92,54.34,69.23,54.34,1.85,-0.1,0.46,-0.03,18.12,15.83,2.08,5.0,49.79,11.67,88.33,0.0,32.56,9.71,17.21,3.25,34.54,53.0,6.02,0.81,8.64,7.95,23.42,Low,Regularity,103
SOC,Socorrismo Básico,Saúde e Segurança,Centro 2,105,2392,34,738,8.08,13.83,2.62,4.27,32.38,30.85,32.94,29.75,46.15,47.98,46.15,47.4,-5.54,0.33,-1.77,0.1,4.17,3.33,62.5,51.25,10.83,5.21,0.0,75.42,19.79,26.59,3.83,58.0,8.58,30.17,1.34,14.5,2.15,4.53,22.51,Low,Conversion,104
ING,Inglês Profissional,Línguas,Centro 5,293,3955,88,1129,22.54,22.86,6.77,6.53,30.03,28.55,29.7,27.71,53.85,56.65,53.85,56.65,-0.54,-0.06,-0.15,-0.02,32.5,25.42,31.67,23.54,18.75,17.5,0.0,0.0,23.98,19.16,29.67,28.42,18.25,0.0,10.38,7.1,4.56,0.0,22.05,Low,Volume,105
TUR,Atendimento Turístico,Turismo,Centro 1,161,2669,51,811,12.38,15.43,3.92,4.69,31.68,30.39,31.65,29.64,53.85,53.18,53.85,53.18,-4.38,0.25,-1.46,0.08,8.96,6.25,45.83,45.83,18.75,8.96,0.0,67.08,19.28,25.95,7.87,45.83,14.83,26.83,2.76,11.46,3.71,4.02,21.95,Low,Conversion,106
ING,Inglês Profissional,Línguas,Centro 1,249,3066,75,893,19.15,17.72,5.77,5.16,30.12,29.13,29.01,28.28,69.23,43.35,69.23,43.35,-0.77,0.03,-0.23,0.0,22.92,11.25,29.17,32.29,42.5,2.5,0.0,18.96,25.94,15.48,18.25,30.42,26.5,7.58,6.39,7.6,6.62,1.14,21.75,Low,Conversion,107
EMP,Empilhadores e Movimentação de Cargas,Segurança,Centro 3,26,4309,8,1323,2.0,24.91,0.62,7.65,30.77,30.7,30.62,30.09,15.38,69.94,15.38,69.94,-0.69,-0.01,-0.23,-0.01,0.83,34.17,35.42,52.5,1.25,51.25,0.0,0.0,9.46,37.9,14.17,42.25,21.25,0.0,4.96,10.56,5.31,0.0,20.83,Low,Conversion,108
GES,Gestão de Equipas,Gestão,Centro 5,259,4377,71,1164,19.92,25.3,5.46,6.73,27.41,26.59,26.72,26.34,69.23,58.96,69.23,58.96,-0.15,0.02,0.0,-0.01,23.75,28.75,6.67,7.92,42.5,21.46,0.0,17.71,20.6,20.06,25.75,7.17,34.08,7.08,9.01,1.79,8.52,1.06,20.39,Low,Volume,109
SOC,Socorrismo Básico,Saúde e Segurança,Centro 5,190,3090,55,866,14.62,17.86,4.23,5.01,28.95,28.03,27.71,27.44,53.85,53.76,53.85,53.76,5.0,-0.09,1.54,-0.03,10.42,11.67,15.0,17.5,18.75,10.62,95.83,0.0,26.46,11.11,10.92,16.0,15.5,57.5,3.82,4.0,3.88,8.62,20.32,Low,Growth,110
FOR,Formação Pedagógica Inicial de Formadores,Formação,Centro 1,241,4662,70,1296,18.54,26.95,5.38,7.49,29.05,27.8,27.98,26.94,53.85,64.16,53.85,64.16,0.0,-0.1,0.0,-0.03,20.21,38.96,17.29,14.79,18.75,33.96,0.0,0.0,16.08,25.82,27.71,16.29,24.83,0.0,9.7,4.07,6.21,0.0,19.98,Low,Volume,111
VND,Vendas e Negociação,Comercial,Centro 3,150,3658,46,1055,11.54,21.14,3.54,6.1,30.67,28.84,29.11,27.96,30.77,57.23,30.77,57.23,-8.15,0.42,-2.54,0.12,7.08,20.83,32.08,26.67,5.0,18.33,0.0,84.17,11.75,31.17,12.58,29.92,10.33,33.67,4.4,7.48,2.58,5.05,19.52,Low,Conversion,112
SCI,Segurança Contra Incêndios,Segurança,Centro 5,195,3452,56,997,15.0,19.95,4.31,5.76,28.72,28.88,24.81,27.73,69.23,54.91,61.54,54.91,-1.46,0.14,-0.46,0.04,11.67,17.92,7.5,26.25,36.04,12.92,0.0,50.42,14.97,23.62,14.17,15.0,26.79,20.17,4.96,3.75,6.7,3.02,18.43,Low,Regularity,113
TUR,Atendimento Turístico,Turismo,Centro 3,184,2708,58,801,14.15,15.65,4.46,4.63,31.52,29.58,31.54,28.43,61.54,46.24,61.54,46.24,0.0,0.0,0.0,0.0,10.83,6.67,42.08,36.25,29.79,4.17,0.0,0.0,21.76,12.44,9.17,39.75,19.54,0.0,3.21,9.94,4.89,0.0,18.03,Low,Conversion,114
PRO,Gestão de Projetos,Gestão,Centro 5,269,4760,72,1239,20.69,27.51,5.54,7.16,26.77,26.03,25.43,24.86,61.54,58.96,61.54,58.38,-0.08,-0.05,0.0,-0.02,25.83,37.5,2.08,2.92,29.79,20.62,0.0,0.0,17.01,19.01,30.5,2.42,26.12,0.0,10.68,0.6,6.53,0.0,17.81,Low,Volume,115
SOC,Socorrismo Básico,Saúde e Segurança,Centro 4,79,3067,25,943,6.08,17.73,1.92,5.45,31.65,30.75,31.74,29.8,15.38,59.54,15.38,59.54,0.0,-0.05,0.0,-0.02,3.33,12.5,45.42,52.08,1.25,23.33,0.0,0.0,12.83,23.23,7.0,48.08,10.08,0.0,2.45,12.02,2.52,0.0,16.99,Low,Conversion,116
PRO,Gestão de Projetos,Gestão,Centro 3,261,4298,70,1103,20.08,24.84,5.38,6.38,26.82,25.66,26.39,25.08,30.77,53.18,30.77,53.76,-9.85,0.67,-2.62,0.17,23.12,26.25,4.17,2.5,5.0,9.79,0.0,91.67,10.39,26.01,24.38,3.5,6.92,36.67,8.53,0.87,1.73,5.5,16.64,Low,Volume,117
GES,Gestão de Equipas,Gestão,Centro 3,308,2060,85,536,23.69,11.91,6.54,3.1,27.6,26.02,26.38,24.44,61.54,35.84,61.54,35.26,-0.15,0.17,0.0,0.05,33.75,1.25,6.25,1.67,29.79,0.83,0.0,55.62,20.82,9.41,20.75,4.42,18.21,22.25,7.26,1.1,4.55,3.34,16.26,Low,Volume,118
SOC,Socorrismo Básico,Saúde e Segurança,Centro 1,197,2459,62,711,15.15,14.21,4.77,4.11,31.47,28.91,29.94,28.04,30.77,45.66,30.77,45.66,-2.46,0.14,-0.77,0.03,13.12,3.33,37.08,28.33,5.0,3.33,0.0,48.33,15.11,16.33,9.21,33.58,4.33,19.33,3.22,8.4,1.08,2.9,15.6,Low,Conversion,119
