course_id,course_name,course_area,local,priority_rank,priority_score,priority_level,priority_assessment,score_difference,score_agreement,hiring_pressure_rank,hiring_pressure_score,hiring_pressure_tier,hiring_main_pressure_driver,cross_hiring_rank,cross_hiring_score,cross_hiring_tier,cross_main_pressure_driver,workforce_base_score,workforce_vulnerability_tier,workforce_main_risk_driver,actions_base_score,actions_pressure_tier,actions_main_pressure_driver,commercial_base_score,commercial_pressure_tier,commercial_main_pressure_driver,training_hours_per_trainer,concurrent_actions_per_trainer,weekly_sales_per_trainer,sustained_demand_pressure,shared_trainer_capacity_pressure,workload_pressure_score,concurrency_pressure_score,commercial_coverage_pressure_score,sustained_demand_pressure_score,shared_trainer_capacity_pressure_score
GER,Geriatria e Apoio ao Idoso,Saúde,Centro 3,1,83.46,High,High priority with moderate agreement,23.03,Moderate agreement,4,71.95,Upper-middle,Actions,1,94.98,High,Sustained demand,56.0,Upper-middle,Trainer scarcity,89.71,High,Volume,68.34,Upper-middle,Volume,49.17,1.8,4.97,0.8796,0.1861,98.33333333333333,97.91666666666666,85.83333333333333,99.16666666666667,88.33333333333333
SST,Saúde e Segurança no Trabalho,Segurança,Centro 1,2,83.3,High,Confirmed high priority,12.15,Strong agreement,1,77.23,High,Workforce,5,89.38,High,Concurrent actions,82.0,High,Trainer scarcity,76.69,High,Volume,68.76,Upper-middle,Volume,20.87,1.9,6.94,0.6932,0.153,87.5,100.0,96.66666666666667,78.33333333333333,79.16666666666666
LOG,Logística e Gestão de Armazém,Logística,Centro 5,3,81.44,High,Confirmed high priority,11.66,Strong agreement,2,75.61,High,Workforce,7,87.27,High,Commercial demand,82.0,High,Trainer scarcity,70.41,Upper-middle,Volume,73.26,Upper-middle,Volume,20.32,1.5,8.18,0.8509,0.1371,86.66666666666667,84.58333333333333,99.16666666666667,96.66666666666667,71.66666666666667
PBI,Power BI e Visualização de Dados,Informática,Centro 2,4,80.72,High,High priority with moderate agreement,25.81,Moderate agreement,12,67.81,Upper-middle,Actions,2,93.62,High,Commercial demand,34.8,Lower-middle,Multicourse trainers,94.74,High,Simultaneity,79.95,High,Volume,26.83,1.55,7.22,0.8626,0.2273,92.5,90.0,97.5,97.5,94.16666666666667
PYT,Introdução à Programação em Python,Informática,Centro 2,5,80.53,High,High priority with moderate agreement,22.32,Moderate agreement,7,69.37,Upper-middle,Actions,4,91.69,High,Training workload,56.0,Upper-middle,Trainer scarcity,86.9,High,Simultaneity,61.04,Upper-middle,Volume,30.39,1.67,5.12,0.7615,0.1899,95.0,93.75,87.5,88.33333333333333,89.16666666666667
CYB,Cibersegurança Básica,Informática,Centro 1,6,80.42,High,High priority with moderate agreement,12.0,Moderate agreement,3,74.42,Upper-middle,Actions,9,86.42,High,Shared trainer capacity,69.3,Upper-middle,Trainer scarcity,81.18,High,Volume,71.17,Upper-middle,Volume,18.55,1.33,6.11,0.8088,0.2507,82.5,76.66666666666667,95.0,92.5,95.83333333333334
MNT,Manutenção Industrial Básica,Manutenção,Centro 1,7,78.78,High,High priority with moderate agreement,21.14,Moderate agreement,9,68.21,Upper-middle,Actions,6,89.35,High,Training workload,72.0,Upper-middle,Trainer scarcity,74.37,Upper-middle,Volume,48.28,Lower-middle,Volume,36.86,1.7,4.72,0.6942,0.1532,97.5,95.41666666666667,82.5,79.16666666666666,80.0
FOR,Formação Pedagógica Inicial de Formadores,Formação,Centro 3,8,77.96,High,High priority with moderate agreement,28.19,Moderate agreement,25,63.87,Upper-middle,Actions,3,92.06,High,Training workload,62.7,Upper-middle,Trainer scarcity,71.83,Upper-middle,Simultaneity,50.28,Upper-middle,Volume,58.87,1.67,4.15,0.7202,0.3167,100.0,93.75,75.0,82.5,100.0
EXC,Excel Aplicado à Gestão,Informática,Centro 4,9,77.84,High,High priority with moderate agreement,12.91,Moderate agreement,5,71.38,Upper-middle,Actions,12,84.29,High,Commercial demand,49.3,Lower-middle,Trainer scarcity,88.26,High,Volume,81.82,High,Volume,22.85,1.33,6.71,0.8254,0.1213,89.16666666666667,76.66666666666667,95.83333333333334,93.33333333333333,66.66666666666666
CYB,Cibersegurança Básica,Informática,Centro 2,10,77.65,High,High priority with moderate agreement,18.9,Moderate agreement,10,68.2,Upper-middle,Actions,8,87.1,High,Commercial demand,49.3,Lower-middle,Trainer scarcity,85.57,High,Simultaneity,71.26,Upper-middle,Volume,17.97,1.8,9.13,0.7954,0.1117,81.66666666666667,97.91666666666666,100.0,90.83333333333333,63.33333333333333
PYT,Introdução à Programação em Python,Informática,Centro 1,11,76.47,High,High priority with moderate agreement,17.05,Moderate agreement,11,67.95,Upper-middle,Actions,10,85.0,High,Shared trainer capacity,62.7,Upper-middle,Trainer scarcity,80.0,High,Simultaneity,54.37,Upper-middle,Volume,22.76,1.47,4.47,0.7068,0.2238,88.33333333333333,82.5,78.33333333333333,80.83333333333333,93.33333333333333
EXC,Excel Aplicado à Gestão,Informática,Centro 2,12,73.87,Upper-middle,Moderate priority,15.46,Moderate agreement,15,66.14,Upper-middle,Commercial,13,81.6,High,Commercial demand,49.4,Lower-middle,Trainer scarcity,76.45,High,Volume,79.0,High,Volume,19.19,1.53,5.42,0.7818,0.0961,85.0,87.91666666666667,90.83333333333333,90.0,46.666666666666664
CYB,Cibersegurança Básica,Informática,Centro 4,13,72.81,Upper-middle,Moderate priority,10.35,Moderate agreement,13,67.63,Upper-middle,Actions,17,77.98,High,Sustained demand,39.8,Lower-middle,Multicourse trainers,92.68,High,Volume,73.2,Upper-middle,Volume,15.75,1.0,7.99,0.9273,0.2432,73.33333333333333,47.91666666666667,98.33333333333333,100.0,95.0
VND,Vendas e Negociação,Comercial,Centro 4,14,72.45,Upper-middle,Moderate priority,12.3,Moderate agreement,14,66.3,Upper-middle,Workforce,16,78.6,High,Concurrent actions,72.0,Upper-middle,Trainer scarcity,61.16,Upper-middle,Volume,65.2,Upper-middle,Volume,17.47,1.7,5.76,0.5878,0.0958,80.0,95.41666666666667,93.33333333333333,65.83333333333333,45.83333333333333
PBI,Power BI e Visualização de Dados,Informática,Centro 4,15,72.37,Upper-middle,Moderate priority,25.18,Moderate agreement,32,59.78,Upper-middle,Actions,11,84.96,High,Sustained demand,17.2,Low,Multicourse trainers,92.62,High,Simultaneity,79.26,High,Volume,17.39,1.57,4.08,0.8786,0.1704,79.16666666666666,90.83333333333333,73.33333333333333,98.33333333333333,85.0
MNT,Manutenção Industrial Básica,Manutenção,Centro 5,16,71.9,Upper-middle,Moderate priority,11.51,Moderate agreement,15,66.14,Upper-middle,Actions,18,77.65,High,Sustained demand,62.6,Upper-middle,Trainer scarcity,72.4,Upper-middle,Volume,60.68,Upper-middle,Volume,18.86,1.13,4.82,0.7629,0.143,83.33333333333334,62.083333333333336,83.33333333333334,89.16666666666667,75.0
HOT,Housekeeping e Operações Hoteleiras,Turismo,Centro 5,17,70.82,Upper-middle,Moderate priority,15.83,Moderate agreement,27,62.9,Upper-middle,Workforce,15,78.73,High,Concurrent actions,72.0,Upper-middle,Trainer scarcity,58.15,Upper-middle,Volume,54.22,Upper-middle,Volume,28.32,1.8,5.16,0.4927,0.1002,93.33333333333333,97.91666666666666,88.33333333333333,36.666666666666664,50.0
PBI,Power BI e Visualização de Dados,Informática,Centro 3,18,70.58,Upper-middle,Moderate priority,12.92,Moderate agreement,24,64.12,Upper-middle,Actions,20,77.04,High,Shared trainer capacity,44.8,Lower-middle,Multicourse trainers,83.97,High,Simultaneity,63.03,Upper-middle,Volume,16.1,1.2,3.92,0.7014,0.3024,75.0,69.16666666666667,69.16666666666667,80.0,99.16666666666667
INF,"Infeção, Prevenção e Controlo",Saúde,Centro 3,19,70.55,Upper-middle,Moderate priority,10.24,Moderate agreement,17,65.43,Upper-middle,Workforce,22,75.67,High,Commercial demand,72.0,Upper-middle,Trainer scarcity,62.94,Upper-middle,Volume,57.26,Upper-middle,Volume,18.97,1.2,5.96,0.7414,0.0916,84.16666666666667,69.16666666666667,94.16666666666667,84.16666666666667,42.5
PBI,Power BI e Visualização de Dados,Informática,Centro 5,20,70.26,Upper-middle,Moderate priority,9.79,Moderate agreement,18,65.36,Upper-middle,Commercial,23,75.15,High,Commercial demand,62.7,Upper-middle,Trainer scarcity,64.45,Upper-middle,Simultaneity,72.48,Upper-middle,Volume,16.47,1.13,5.02,0.6424,0.1645,75.83333333333333,62.083333333333336,86.66666666666667,75.0,84.16666666666667
GER,Geriatria e Apoio ao Idoso,Saúde,Centro 4,21,69.1,Upper-middle,Moderate priority,14.01,Moderate agreement,29,62.09,Upper-middle,Actions,21,76.1,High,Training workload,56.0,Upper-middle,Trainer scarcity,76.18,High,Simultaneity,46.09,Lower-middle,Conversion,34.19,1.53,2.68,0.5116,0.1569,95.83333333333334,87.91666666666667,46.666666666666664,40.833333333333336,81.66666666666667
FOR,Formação Pedagógica Inicial de Formadores,Formação,Centro 2,22,68.9,Upper-middle,Moderate priority,24.89,Moderate agreement,38,56.46,Upper-middle,Actions,14,81.35,High,Training workload,49.3,Lower-middle,Trainer scarcity,67.31,Upper-middle,Simultaneity,49.12,Lower-middle,Volume,58.5,1.53,3.16,0.5487,0.1909,99.16666666666667,87.91666666666667,56.666666666666664,50.83333333333333,90.0
LOG,Logística e Gestão de Armazém,Logística,Centro 2,23,68.42,Upper-middle,Moderate priority,7.86,Strong agreement,22,64.49,Upper-middle,Workforce,25,72.35,Upper-middle,Concurrent actions,69.3,Upper-middle,Trainer scarcity,59.2,Upper-middle,Simultaneity,65.44,Upper-middle,Volume,10.77,1.53,3.69,0.6204,0.177,55.833333333333336,87.91666666666667,65.0,72.5,86.66666666666667
SEG,Segurança no Trabalho,Segurança,Centro 5,24,68.1,Upper-middle,Moderate priority,3.9,Strong agreement,6,70.05,Upper-middle,Commercial,33,66.15,Upper-middle,Sustained demand,62.6,Upper-middle,Trainer scarcity,74.84,Upper-middle,Regularity,75.36,High,Volume,8.22,1.13,5.62,0.8336,0.1426,37.5,62.083333333333336,92.5,95.83333333333334,74.16666666666667
GES,Gestão de Equipas,Gestão,Centro 4,25,67.53,Upper-middle,Moderate priority,20.15,Moderate agreement,37,57.45,Upper-middle,Workforce,19,77.6,High,Concurrent actions,72.0,Upper-middle,Trainer scarcity,47.2,Lower-middle,Simultaneity,48.86,Lower-middle,Volume,15.18,1.8,4.88,0.5833,0.111,72.5,97.91666666666666,84.16666666666667,64.16666666666667,60.83333333333333
PRI,Primeiros Socorros,Saúde e Segurança,Centro 3,26,67.03,Upper-middle,Moderate priority,4.6,Strong agreement,8,69.33,Upper-middle,Actions,37,64.73,Upper-middle,Sustained demand,56.0,Upper-middle,Trainer scarcity,78.22,High,Regularity,78.21,High,Volume,10.87,1.0,5.28,0.8315,0.1054,57.49999999999999,47.91666666666667,89.16666666666667,94.16666666666667,53.333333333333336
HOT,Housekeeping e Operações Hoteleiras,Turismo,Centro 2,27,66.33,Upper-middle,Moderate priority,16.38,Strong agreement,33,58.14,Upper-middle,Workforce,24,74.52,Upper-middle,Concurrent actions,62.0,Upper-middle,Trainer scarcity,54.75,Upper-middle,Volume,57.21,Upper-middle,Conversion,26.39,1.6,4.93,0.5664,0.0454,91.66666666666666,92.08333333333333,85.0,59.166666666666664,15.833333333333332
CYB,Cibersegurança Básica,Informática,Centro 3,28,65.82,Upper-middle,Moderate priority,7.81,Strong agreement,30,61.92,Upper-middle,Actions,27,69.73,Upper-middle,Shared trainer capacity,44.8,Lower-middle,Multicourse trainers,76.22,High,Volume,67.55,Upper-middle,Volume,10.88,1.05,4.62,0.7418,0.1942,58.333333333333336,55.41666666666667,80.0,85.0,90.83333333333333
EXC,Excel Aplicado à Gestão,Informática,Centro 1,29,65.76,Upper-middle,Moderate priority,6.94,Strong agreement,28,62.29,Upper-middle,Commercial,28,69.23,Upper-middle,Shared trainer capacity,56.0,Upper-middle,Trainer scarcity,59.44,Upper-middle,Volume,80.56,High,Volume,14.84,1.0,4.45,0.6916,0.164,71.66666666666667,47.91666666666667,77.5,77.5,83.33333333333334
SEG,Segurança no Trabalho,Segurança,Centro 1,30,65.39,Upper-middle,Moderate priority,1.76,Strong agreement,21,64.51,Upper-middle,Workforce,32,66.27,Upper-middle,Concurrent actions,72.0,Upper-middle,Trainer scarcity,62.42,Upper-middle,Regularity,53.68,Upper-middle,Conversion,10.12,1.5,4.7,0.5946,0.0911,53.333333333333336,84.58333333333333,81.66666666666667,70.83333333333334,41.66666666666667
SST,Saúde e Segurança no Trabalho,Segurança,Centro 5,31,63.98,Upper-middle,Moderate priority,0.91,Strong agreement,23,64.43,Upper-middle,Actions,39,63.52,Upper-middle,Sustained demand,44.8,Lower-middle,Multicourse trainers,81.18,High,Volume,70.21,Upper-middle,Volume,11.34,0.85,4.04,0.7447,0.176,61.66666666666667,34.583333333333336,70.83333333333334,85.83333333333333,85.83333333333333
SST,Saúde e Segurança no Trabalho,Segurança,Centro 4,32,63.92,Upper-middle,Moderate priority,1.74,Strong agreement,26,63.05,Upper-middle,Commercial,36,64.79,Upper-middle,Concurrent actions,62.7,Upper-middle,Trainer scarcity,61.18,Upper-middle,Simultaneity,67.49,Upper-middle,Conversion,10.14,1.33,3.66,0.5949,0.1108,54.166666666666664,76.66666666666667,64.16666666666667,71.66666666666667,60.0
PRO,Gestão de Projetos,Gestão,Centro 2,33,63.16,Upper-middle,Moderate priority,17.26,Strong agreement,44,54.53,Upper-middle,Actions,26,71.79,Upper-middle,Concurrent actions,49.3,Lower-middle,Trainer scarcity,60.61,Upper-middle,Simultaneity,52.83,Upper-middle,Volume,16.96,1.4,4.13,0.5606,0.1085,77.5,81.66666666666667,74.16666666666667,56.666666666666664,56.666666666666664
SCI,Segurança Contra Incêndios,Segurança,Centro 1,34,62.98,Upper-middle,Moderate priority,3.66,Strong agreement,20,64.81,Upper-middle,Actions,41,61.15,Upper-middle,Sustained demand,56.0,Upper-middle,Trainer scarcity,71.64,Upper-middle,Regularity,68.73,Upper-middle,Volume,7.79,1.2,5.42,0.8324,0.0955,35.0,64.58333333333334,90.0,95.0,45.0
TUR,Atendimento Turístico,Turismo,Centro 5,35,62.71,Upper-middle,Moderate priority,9.62,Strong agreement,36,57.9,Upper-middle,Workforce,30,67.52,Upper-middle,Concurrent actions,72.0,Upper-middle,Trainer scarcity,53.42,Upper-middle,Regularity,38.66,Lower-middle,Volume,14.4,1.6,3.79,0.5425,0.0971,67.5,92.08333333333333,66.66666666666666,46.666666666666664,48.333333333333336
LID,Liderança e Comunicação,Gestão,Centro 4,36,62.18,Upper-middle,Moderate priority,12.68,Strong agreement,41,55.84,Upper-middle,Workforce,29,68.52,Upper-middle,Commercial demand,62.0,Upper-middle,Trainer scarcity,49.8,Lower-middle,Simultaneity,55.59,Upper-middle,Volume,13.36,1.5,5.43,0.6216,0.0506,65.83333333333333,84.58333333333333,91.66666666666666,73.33333333333333,19.166666666666668
PBI,Power BI e Visualização de Dados,Informática,Centro 1,37,61.62,Upper-middle,Moderate priority,7.29,Strong agreement,35,57.98,Upper-middle,Actions,34,65.27,Upper-middle,Sustained demand,34.8,Lower-middle,Multicourse trainers,78.71,High,Volume,62.9,Upper-middle,Volume,14.74,0.85,3.61,0.8058,0.1634,70.0,34.583333333333336,63.33333333333333,91.66666666666666,82.5
PRO,Gestão de Projetos,Gestão,Centro 4,38,60.42,Upper-middle,Moderate priority,12.45,Strong agreement,45,54.2,Upper-middle,Actions,31,66.65,Upper-middle,Training workload,56.0,Upper-middle,Trainer scarcity,58.28,Upper-middle,Simultaneity,42.44,Lower-middle,Volume,15.94,1.2,3.6,0.5625,0.1282,74.16666666666667,64.58333333333334,62.5,57.49999999999999,68.33333333333333
LOG,Logística e Gestão de Armazém,Logística,Centro 1,39,60.06,Upper-middle,Moderate priority,1.67,Strong agreement,31,60.9,Upper-middle,Actions,44,59.23,Upper-middle,Sustained demand,49.3,Lower-middle,Trainer scarcity,69.66,Upper-middle,Volume,66.58,Upper-middle,Volume,14.83,1.0,3.77,0.6854,0.0734,70.83333333333334,47.91666666666667,65.83333333333333,76.66666666666667,30.833333333333336
PRI,Primeiros Socorros,Saúde e Segurança,Centro 1,40,59.52,Upper-middle,Moderate priority,10.74,Strong agreement,19,64.89,Upper-middle,Commercial,52,54.15,Upper-middle,Sustained demand,56.0,Upper-middle,Trainer scarcity,65.93,Upper-middle,Regularity,80.6,High,Volume,10.48,0.8,4.42,0.7595,0.0827,55.00000000000001,29.583333333333332,76.66666666666667,87.5,37.5
ING,Inglês Profissional,Línguas,Centro 4,41,58.62,Upper-middle,Moderate priority,8.96,Strong agreement,46,54.14,Upper-middle,Workforce,40,63.1,Upper-middle,Training workload,82.0,High,Trainer scarcity,33.4,Lower-middle,Volume,39.88,Lower-middle,Volume,17.2,1.2,4.06,0.5292,0.0774,78.33333333333333,69.16666666666667,71.66666666666667,42.5,34.583333333333336
CYB,Cibersegurança Básica,Informática,Centro 5,42,56.61,Upper-middle,Moderate priority,6.66,Strong agreement,49,53.28,Upper-middle,Actions,43,59.94,Upper-middle,Shared trainer capacity,39.8,Lower-middle,Multicourse trainers,71.1,Upper-middle,Simultaneity,44.61,Lower-middle,Volume,8.41,1.25,3.1,0.552,0.1978,38.333333333333336,73.75,54.166666666666664,53.333333333333336,92.5
PYT,Introdução à Programação em Python,Informática,Centro 4,43,56.3,Upper-middle,Moderate priority,8.74,Strong agreement,53,51.93,Upper-middle,Actions,42,60.67,Upper-middle,Training workload,56.0,Upper-middle,Trainer scarcity,59.07,Upper-middle,Simultaneity,29.49,Lower-middle,Volume,16.61,1.33,2.57,0.4295,0.1065,76.66666666666667,76.66666666666667,43.333333333333336,25.0,55.00000000000001
PYT,Introdução à Programação em Python,Informática,Centro 3,44,55.47,Upper-middle,Moderate priority,5.35,Strong agreement,52,52.8,Upper-middle,Workforce,46,58.15,Upper-middle,Shared trainer capacity,62.6,Upper-middle,Trainer scarcity,49.36,Lower-middle,Simultaneity,40.12,Lower-middle,Volume,14.18,1.13,3.05,0.3663,0.1553,66.66666666666666,62.083333333333336,53.333333333333336,16.666666666666664,80.83333333333333
FOR,Formação Pedagógica Inicial de Formadores,Formação,Centro 4,45,55.36,Upper-middle,Moderate priority,19.73,Moderate agreement,74,45.5,Lower-middle,Actions,35,65.23,Upper-middle,Shared trainer capacity,34.8,Lower-middle,Multicourse trainers,58.27,Upper-middle,Simultaneity,41.36,Lower-middle,Volume,36.55,1.05,2.15,0.4185,0.2884,96.66666666666667,55.41666666666667,28.333333333333332,22.5,98.33333333333333
TUR,Atendimento Turístico,Turismo,Centro 2,46,55.05,Upper-middle,Moderate priority,2.74,Strong agreement,48,53.68,Upper-middle,Workforce,51,56.42,Upper-middle,Commercial demand,72.0,Upper-middle,Trainer scarcity,42.15,Lower-middle,Volume,40.12,Lower-middle,Conversion,13.16,1.2,4.08,0.4848,0.0605,65.0,69.16666666666667,72.5,34.166666666666664,24.166666666666668
VND,Vendas e Negociação,Comercial,Centro 5,47,55.04,Upper-middle,Moderate priority,7.99,Strong agreement,54,51.05,Upper-middle,Workforce,45,59.04,Upper-middle,Commercial demand,72.0,Upper-middle,Trainer scarcity,36.36,Lower-middle,Regularity,38.55,Lower-middle,Volume,11.63,1.2,3.98,0.5868,0.0484,63.33333333333333,69.16666666666667,70.0,65.0,16.666666666666664
FOR,Formação Pedagógica Inicial de Formadores,Formação,Centro 5,48,55.0,Upper-middle,Moderate priority,19.23,Moderate agreement,75,45.39,Lower-middle,Actions,38,64.62,Upper-middle,Shared trainer capacity,39.8,Lower-middle,Multicourse trainers,60.28,Upper-middle,Simultaneity,26.81,Lower-middle,Volume,30.28,1.1,1.95,0.4347,0.2714,94.16666666666667,60.0,20.0,25.833333333333336,96.66666666666667
PRI,Primeiros Socorros,Saúde e Segurança,Centro 4,49,54.86,Upper-middle,Moderate priority,1.96,Strong agreement,41,55.84,Upper-middle,Workforce,53,53.88,Upper-middle,Concurrent actions,72.0,Upper-middle,Trainer scarcity,38.1,Lower-middle,Simultaneity,58.98,Upper-middle,Conversion,8.71,1.4,4.33,0.4623,0.0847,40.833333333333336,80.0,75.83333333333333,30.0,38.333333333333336
VND,Vendas e Negociação,Comercial,Centro 2,50,53.95,Upper-middle,Moderate priority,2.36,Strong agreement,43,55.13,Upper-middle,Commercial,55,52.77,Upper-middle,Sustained demand,39.8,Lower-middle,Multicourse trainers,65.13,Upper-middle,Volume,65.8,Upper-middle,Volume,8.76,0.85,2.93,0.7188,0.148,41.66666666666667,34.583333333333336,51.66666666666667,81.66666666666667,77.5
SOC,Socorrismo Básico,Saúde e Segurança,Centro 3,51,53.74,Upper-middle,Moderate priority,6.82,Strong agreement,55,50.33,Upper-middle,Workforce,48,57.15,Upper-middle,Concurrent actions,72.0,Upper-middle,Trainer scarcity,40.04,Lower-middle,Volume,27.55,Lower-middle,Volume,12.98,1.5,3.04,0.4816,0.0614,64.16666666666667,84.58333333333333,52.5,33.33333333333333,25.833333333333336
HAC,Higiene e Segurança Alimentar,Alimentar,Centro 1,52,53.06,Upper-middle,Moderate priority,10.16,Moderate agreement,33,58.14,Upper-middle,Workforce,61,47.98,Lower-middle,Shared trainer capacity,69.3,Upper-middle,Trainer scarcity,46.72,Lower-middle,Regularity,58.64,Upper-middle,Conversion,5.11,1.07,2.81,0.589,0.143,15.0,57.91666666666667,50.83333333333333,66.66666666666666,75.83333333333333
GER,Geriatria e Apoio ao Idoso,Saúde,Centro 1,53,52.47,Upper-middle,Moderate priority,10.52,Moderate agreement,66,47.21,Lower-middle,Actions,47,57.73,Upper-middle,Shared trainer capacity,39.8,Lower-middle,Multicourse trainers,63.24,Upper-middle,Simultaneity,29.94,Lower-middle,Conversion,25.74,1.0,1.6,0.3911,0.1959,90.83333333333333,47.91666666666667,13.333333333333334,18.333333333333332,91.66666666666666
ING,Inglês Profissional,Línguas,Centro 2,54,52.0,Upper-middle,Moderate priority,9.81,Moderate agreement,68,47.09,Lower-middle,Actions,50,56.9,Upper-middle,Shared trainer capacity,29.8,Lower-middle,Multicourse trainers,61.78,Upper-middle,Simultaneity,52.32,Upper-middle,Volume,14.72,0.85,3.57,0.5469,0.1423,69.16666666666667,34.583333333333336,61.66666666666667,48.333333333333336,73.33333333333333
SEG,Segurança no Trabalho,Segurança,Centro 3,55,51.84,Upper-middle,Moderate priority,9.09,Moderate agreement,39,56.38,Upper-middle,Commercial,64,47.29,Lower-middle,Concurrent actions,56.0,Upper-middle,Trainer scarcity,49.55,Lower-middle,Simultaneity,70.79,Upper-middle,Volume,5.03,1.33,3.87,0.5912,0.0597,14.166666666666666,76.66666666666667,68.33333333333333,67.5,23.333333333333332
GER,Geriatria e Apoio ao Idoso,Saúde,Centro 2,56,51.41,Upper-middle,Moderate priority,4.3,Moderate agreement,57,49.26,Lower-middle,Actions,54,53.56,Upper-middle,Training workload,39.8,Lower-middle,Multicourse trainers,57.16,Upper-middle,Volume,52.39,Upper-middle,Regularity,17.96,0.7,2.18,0.5946,0.1274,80.83333333333333,16.25,30.833333333333336,70.0,67.5
GER,Geriatria e Apoio ao Idoso,Saúde,Centro 5,57,50.94,Upper-middle,Moderate priority,12.01,Moderate agreement,78,44.93,Lower-middle,Actions,49,56.94,Upper-middle,Training workload,29.8,Lower-middle,Multicourse trainers,67.23,Upper-middle,Simultaneity,30.62,Lower-middle,Conversion,24.62,1.25,1.38,0.3785,0.1049,90.0,73.75,6.666666666666667,17.5,52.5
HCP,HACCP Aplicado,Alimentar,Centro 5,58,50.65,Upper-middle,Moderate priority,6.68,Moderate agreement,47,53.99,Upper-middle,Workforce,63,47.31,Lower-middle,Concurrent actions,72.0,Upper-middle,Trainer scarcity,48.44,Lower-middle,Regularity,29.03,Lower-middle,Conversion,9.96,1.4,2.18,0.3377,0.0774,52.5,80.0,30.0,12.5,34.583333333333336
LID,Liderança e Comunicação,Gestão,Centro 5,59,49.78,Lower-middle,Low priority,0.59,Moderate agreement,56,50.07,Upper-middle,Workforce,58,49.48,Lower-middle,Concurrent actions,62.7,Upper-middle,Trainer scarcity,45.67,Lower-middle,Volume,33.58,Lower-middle,Volume,9.33,1.07,2.59,0.5078,0.1054,47.5,57.91666666666667,45.0,39.166666666666664,54.166666666666664
HOT,Housekeeping e Operações Hoteleiras,Turismo,Centro 3,60,48.98,Lower-middle,Low priority,0.0,Strong agreement,59,48.98,Lower-middle,Workforce,60,48.98,Lower-middle,Training workload,82.0,High,Trainer scarcity,26.14,Lower-middle,Growth,28.59,Lower-middle,Conversion,14.57,1.0,2.76,0.4153,0.0856,68.33333333333333,47.91666666666667,50.0,20.833333333333336,39.166666666666664
MNT,Manutenção Industrial Básica,Manutenção,Centro 3,61,48.74,Lower-middle,Low priority,3.17,Moderate agreement,67,47.16,Lower-middle,Actions,57,50.33,Upper-middle,Shared trainer capacity,39.8,Lower-middle,Multicourse trainers,54.58,Upper-middle,Volume,47.04,Lower-middle,Volume,11.33,0.8,2.47,0.5694,0.1179,60.83333333333333,28.333333333333332,40.0,60.83333333333333,65.83333333333333
SEG,Segurança no Trabalho,Segurança,Centro 2,62,48.43,Lower-middle,Low priority,15.82,Moderate agreement,40,56.34,Upper-middle,Workforce,76,40.52,Lower-middle,Sustained demand,69.3,Upper-middle,Trainer scarcity,43.05,Lower-middle,Regularity,57.02,Upper-middle,Conversion,5.0,0.8,2.61,0.749,0.111,13.333333333333334,29.583333333333332,45.83333333333333,86.66666666666667,61.66666666666667
GES,Gestão de Equipas,Gestão,Centro 2,63,47.79,Lower-middle,Low priority,2.38,Strong agreement,59,48.98,Lower-middle,Workforce,66,46.6,Lower-middle,Concurrent actions,56.0,Upper-middle,Trainer scarcity,50.52,Upper-middle,Simultaneity,31.84,Lower-middle,Volume,9.05,1.07,2.7,0.4629,0.0882,46.666666666666664,57.91666666666667,49.166666666666664,30.833333333333336,40.833333333333336
INF,"Infeção, Prevenção e Controlo",Saúde,Centro 1,64,47.77,Lower-middle,Low priority,3.04,Strong agreement,70,46.25,Lower-middle,Workforce,59,49.29,Lower-middle,Concurrent actions,72.0,Upper-middle,Trainer scarcity,26.23,Lower-middle,Simultaneity,34.79,Lower-middle,Conversion,9.62,1.2,3.21,0.4732,0.0585,50.0,69.16666666666667,58.333333333333336,32.5,22.5
EXC,Excel Aplicado à Gestão,Informática,Centro 3,65,47.18,Lower-middle,Low priority,3.73,Strong agreement,58,49.04,Lower-middle,Commercial,70,45.31,Lower-middle,Sustained demand,39.8,Lower-middle,Mobile trainers,50.99,Upper-middle,Regularity,63.59,Upper-middle,Volume,8.92,0.7,3.19,0.6555,0.1042,45.0,16.25,57.49999999999999,75.83333333333333,51.66666666666667
HCP,HACCP Aplicado,Alimentar,Centro 4,66,46.93,Lower-middle,Low priority,1.72,Strong agreement,72,46.07,Lower-middle,Workforce,62,47.79,Lower-middle,Commercial demand,62.0,Upper-middle,Trainer scarcity,27.51,Lower-middle,Regularity,51.34,Upper-middle,Conversion,7.78,1.2,4.67,0.5475,0.0164,34.166666666666664,69.16666666666667,80.83333333333333,49.166666666666664,5.0
HOT,Housekeeping e Operações Hoteleiras,Turismo,Centro 1,67,46.42,Lower-middle,Low priority,3.39,Strong agreement,62,48.12,Lower-middle,Workforce,71,44.73,Lower-middle,Concurrent actions,56.0,Upper-middle,Trainer scarcity,42.67,Lower-middle,Growth,43.25,Lower-middle,Volume,9.85,1.07,3.13,0.4156,0.0576,51.66666666666667,57.91666666666667,55.833333333333336,21.666666666666668,20.833333333333336
SST,Saúde e Segurança no Trabalho,Segurança,Centro 2,68,46.24,Lower-middle,Low priority,13.32,Moderate agreement,50,52.9,Upper-middle,Commercial,80,39.58,Lower-middle,Shared trainer capacity,49.8,Lower-middle,Multicourse trainers,52.85,Upper-middle,Volume,59.22,Upper-middle,Conversion,7.49,0.75,2.43,0.5597,0.1327,30.833333333333336,23.333333333333332,37.5,55.833333333333336,70.0
INF,"Infeção, Prevenção e Controlo",Saúde,Centro 4,69,45.58,Lower-middle,Low priority,0.96,Strong agreement,77,45.1,Lower-middle,Workforce,68,46.06,Lower-middle,Concurrent actions,62.0,Upper-middle,Trainer scarcity,29.17,Lower-middle,Growth,43.17,Lower-middle,Conversion,7.99,1.4,3.43,0.4691,0.0188,36.666666666666664,80.0,60.83333333333333,31.666666666666664,7.916666666666666
EMP,Empilhadores e Movimentação de Cargas,Segurança,Centro 5,70,45.5,Lower-middle,Low priority,0.03,Strong agreement,73,45.51,Lower-middle,Workforce,69,45.48,Lower-middle,Training workload,72.0,Upper-middle,Trainer scarcity,27.83,Lower-middle,Simultaneity,27.92,Lower-middle,Conversion,11.17,1.0,2.68,0.3472,0.0881,60.0,47.91666666666667,48.333333333333336,15.0,40.0
PYT,Introdução à Programação em Python,Informática,Centro 5,71,45.3,Lower-middle,Low priority,3.83,Strong agreement,86,43.38,Lower-middle,Workforce,65,47.21,Lower-middle,Training workload,44.8,Lower-middle,Multicourse trainers,43.6,Lower-middle,Volume,40.12,Lower-middle,Volume,11.44,0.75,2.49,0.5456,0.1116,62.5,23.333333333333332,40.833333333333336,47.5,62.5
FOR,Formação Pedagógica Inicial de Formadores,Formação,Centro 1,72,45.2,Lower-middle,Low priority,14.15,Moderate agreement,97,38.12,Lower-middle,Workforce,56,52.27,Upper-middle,Shared trainer capacity,44.8,Lower-middle,Multicourse trainers,40.49,Lower-middle,Simultaneity,19.98,Low,Volume,19.65,0.85,1.56,0.3061,0.2857,85.83333333333333,34.583333333333336,11.666666666666666,10.0,97.5
EXC,Excel Aplicado à Gestão,Informática,Centro 5,73,45.07,Lower-middle,Low priority,4.34,Strong agreement,65,47.24,Lower-middle,Actions,74,42.9,Lower-middle,Sustained demand,34.8,Lower-middle,Multicourse trainers,59.43,Upper-middle,Volume,47.75,Lower-middle,Conversion,9.53,0.85,2.16,0.5491,0.098,49.166666666666664,34.583333333333336,29.166666666666668,51.66666666666667,49.166666666666664
TUR,Atendimento Turístico,Turismo,Centro 4,74,44.88,Lower-middle,Low priority,6.79,Strong agreement,61,48.27,Lower-middle,Workforce,75,41.48,Lower-middle,Commercial demand,82.0,High,Trainer scarcity,20.18,Low,Growth,37.0,Lower-middle,Conversion,9.04,1.0,3.11,0.3406,0.0806,45.83333333333333,47.91666666666667,55.00000000000001,13.333333333333334,36.666666666666664
MNT,Manutenção Industrial Básica,Manutenção,Centro 4,75,44.64,Lower-middle,Low priority,0.99,Strong agreement,76,45.14,Lower-middle,Actions,72,44.15,Lower-middle,Training workload,39.8,Lower-middle,Multicourse trainers,53.79,Upper-middle,Volume,38.51,Lower-middle,Conversion,10.97,0.9,1.56,0.5101,0.1089,59.166666666666664,39.58333333333333,12.5,40.0,57.49999999999999
HAC,Higiene e Segurança Alimentar,Alimentar,Centro 5,76,44.54,Lower-middle,Low priority,16.67,Moderate agreement,51,52.88,Upper-middle,Commercial,84,36.21,Lower-middle,Sustained demand,24.8,Low,Trainer scarcity,68.24,Upper-middle,Regularity,78.32,High,Volume,5.4,0.75,3.81,0.7305,0.0516,15.833333333333332,23.333333333333332,67.5,83.33333333333334,20.0
LID,Liderança e Comunicação,Gestão,Centro 3,77,44.09,Lower-middle,Low priority,0.72,Strong agreement,81,44.45,Lower-middle,Workforce,73,43.73,Lower-middle,Commercial demand,49.3,Lower-middle,Trainer scarcity,43.97,Lower-middle,Volume,35.69,Lower-middle,Volume,9.65,1.0,3.3,0.4997,0.0368,50.83333333333333,47.91666666666667,59.166666666666664,37.5,13.333333333333334
ING,Inglês Profissional,Línguas,Centro 3,78,43.74,Lower-middle,Low priority,5.47,Strong agreement,93,41.01,Lower-middle,Actions,67,46.48,Lower-middle,Shared trainer capacity,39.8,Lower-middle,Multicourse trainers,47.13,Lower-middle,Simultaneity,31.2,Lower-middle,Volume,10.83,1.0,1.81,0.4558,0.1323,56.666666666666664,47.91666666666667,18.333333333333332,29.166666666666668,69.16666666666667
LOG,Logística e Gestão de Armazém,Logística,Centro 3,79,43.72,Lower-middle,Low priority,7.27,Strong agreement,64,47.35,Lower-middle,Actions,77,40.08,Lower-middle,Sustained demand,34.8,Lower-middle,Multicourse trainers,57.29,Upper-middle,Volume,52.54,Upper-middle,Volume,8.68,0.75,2.56,0.5779,0.0932,40.0,23.333333333333332,42.5,62.5,43.333333333333336
LID,Liderança e Comunicação,Gestão,Centro 2,80,43.6,Lower-middle,Low priority,7.78,Strong agreement,63,47.49,Lower-middle,Actions,79,39.71,Lower-middle,Shared trainer capacity,34.8,Lower-middle,Multicourse trainers,63.64,Upper-middle,Volume,40.54,Lower-middle,Volume,8.81,0.75,2.32,0.5355,0.1102,43.333333333333336,23.333333333333332,35.833333333333336,44.166666666666664,59.166666666666664
SST,Saúde e Segurança no Trabalho,Segurança,Centro 3,81,42.26,Lower-middle,Low priority,7.71,Strong agreement,71,46.11,Lower-middle,Actions,81,38.4,Lower-middle,Sustained demand,34.8,Lower-middle,Multicourse trainers,54.39,Upper-middle,Volume,52.15,Upper-middle,Volume,7.7,0.85,2.3,0.5522,0.0952,32.5,34.583333333333336,35.0,54.166666666666664,44.166666666666664
MNT,Manutenção Industrial Básica,Manutenção,Centro 2,82,41.54,Lower-middle,Low priority,3.42,Strong agreement,87,43.25,Lower-middle,Commercial,78,39.83,Lower-middle,Training workload,39.8,Lower-middle,Multicourse trainers,40.41,Lower-middle,Volume,55.87,Upper-middle,Volume,9.47,0.75,2.38,0.5398,0.0968,48.333333333333336,23.333333333333332,36.666666666666664,45.83333333333333,47.5
HAC,Higiene e Segurança Alimentar,Alimentar,Centro 4,83,41.51,Lower-middle,Low priority,10.06,Strong agreement,69,46.54,Lower-middle,Workforce,83,36.48,Lower-middle,Commercial demand,62.0,Upper-middle,Trainer scarcity,26.44,Lower-middle,Regularity,55.78,Upper-middle,Conversion,5.8,1.0,4.47,0.4864,0.0226,20.0,47.91666666666667,79.16666666666666,35.0,9.166666666666666
EMP,Empilhadores e Movimentação de Cargas,Segurança,Centro 1,84,40.01,Lower-middle,Low priority,8.14,Strong agreement,83,44.08,Lower-middle,Commercial,85,35.94,Lower-middle,Shared trainer capacity,39.8,Lower-middle,Multicourse trainers,45.9,Lower-middle,Volume,48.99,Lower-middle,Conversion,7.59,0.6,1.96,0.5915,0.1454,31.666666666666664,6.25,20.833333333333336,68.33333333333333,76.66666666666667
PRI,Primeiros Socorros,Saúde e Segurança,Centro 5,85,38.98,Lower-middle,Low priority,9.92,Strong agreement,84,43.94,Lower-middle,Commercial,86,34.02,Lower-middle,Commercial demand,34.8,Lower-middle,Multicourse trainers,47.81,Lower-middle,Volume,54.52,Upper-middle,Conversion,6.04,0.9,2.55,0.5259,0.0763,22.5,39.58333333333333,41.66666666666667,41.66666666666667,32.5
HAC,Higiene e Segurança Alimentar,Alimentar,Centro 3,86,38.86,Lower-middle,Low priority,11.93,Strong agreement,79,44.83,Lower-middle,Commercial,89,32.9,Lower-middle,Shared trainer capacity,44.8,Lower-middle,Multicourse trainers,37.61,Lower-middle,Simultaneity,59.35,Upper-middle,Conversion,3.1,0.85,2.45,0.5513,0.1125,2.5,34.583333333333336,39.166666666666664,52.5,65.0
EMP,Empilhadores e Movimentação de Cargas,Segurança,Centro 4,87,38.39,Lower-middle,Low priority,8.86,Strong agreement,89,42.82,Lower-middle,Commercial,87,33.96,Lower-middle,Shared trainer capacity,39.8,Lower-middle,Multicourse trainers,43.39,Lower-middle,Simultaneity,47.71,Lower-middle,Conversion,6.2,0.75,2.03,0.5373,0.1374,24.166666666666668,23.333333333333332,21.666666666666668,45.0,72.5
SCI,Segurança Contra Incêndios,Segurança,Centro 2,88,37.71,Lower-middle,Low priority,7.58,Strong agreement,92,41.5,Lower-middle,Workforce,88,33.92,Lower-middle,Concurrent actions,62.0,Upper-middle,Trainer scarcity,25.31,Lower-middle,Growth,32.91,Lower-middle,Conversion,4.92,1.2,3.4,0.4125,0.0168,12.5,69.16666666666667,60.0,20.0,5.833333333333333
SEG,Segurança no Trabalho,Segurança,Centro 4,89,37.62,Lower-middle,Low priority,12.19,Strong agreement,85,43.71,Lower-middle,Commercial,92,31.52,Lower-middle,Sustained demand,39.8,Lower-middle,Multicourse trainers,44.99,Lower-middle,Simultaneity,48.93,Lower-middle,Conversion,3.72,0.85,2.04,0.5766,0.1098,5.0,34.583333333333336,22.5,61.66666666666667,58.333333333333336
HCP,HACCP Aplicado,Alimentar,Centro 1,90,37.34,Lower-middle,Low priority,14.56,Strong agreement,80,44.62,Lower-middle,Commercial,95,30.06,Lower-middle,Sustained demand,39.8,Lower-middle,Multicourse trainers,40.55,Lower-middle,Regularity,62.41,Upper-middle,Conversion,5.49,0.65,2.68,0.6226,0.0611,17.5,11.25,47.5,74.16666666666667,25.0
PRI,Primeiros Socorros,Saúde e Segurança,Centro 2,91,36.99,Lower-middle,Low priority,14.33,Strong agreement,82,44.16,Lower-middle,Commercial,96,29.83,Lower-middle,Sustained demand,39.8,Lower-middle,Multicourse trainers,37.29,Lower-middle,Volume,66.58,Upper-middle,Conversion,5.45,0.75,2.23,0.5641,0.08,16.666666666666664,23.333333333333332,32.5,58.333333333333336,35.833333333333336
LOG,Logística e Gestão de Armazém,Logística,Centro 4,92,36.3,Lower-middle,Low priority,11.65,Strong agreement,91,42.13,Lower-middle,Actions,94,30.48,Lower-middle,Concurrent actions,39.8,Lower-middle,Multicourse trainers,45.43,Lower-middle,Simultaneity,40.2,Lower-middle,Conversion,6.39,1.0,1.68,0.4527,0.068,25.833333333333336,47.91666666666667,15.833333333333332,28.333333333333332,27.500000000000004
PRO,Gestão de Projetos,Gestão,Centro 3,93,35.23,Lower-middle,Low priority,5.74,Strong agreement,113,32.36,Lower-middle,Workforce,82,38.1,Lower-middle,Shared trainer capacity,39.8,Lower-middle,Multicourse trainers,32.78,Lower-middle,Simultaneity,16.64,Low,Volume,7.92,1.0,1.44,0.2502,0.1835,35.833333333333336,47.91666666666667,9.166666666666666,5.833333333333333,87.5
EMP,Empilhadores e Movimentação de Cargas,Segurança,Centro 2,94,34.84,Lower-middle,Low priority,15.71,Strong agreement,90,42.69,Lower-middle,Workforce,97,26.98,Lower-middle,Concurrent actions,82.0,High,Trainer scarcity,9.24,Low,Recurrence,30.95,Lower-middle,Conversion,7.74,1.0,1.77,0.2382,0.0348,33.33333333333333,47.91666666666667,16.666666666666664,4.166666666666666,12.5
PRO,Gestão de Projetos,Gestão,Centro 5,95,33.91,Lower-middle,Low priority,4.2,Strong agreement,102,36.01,Lower-middle,Workforce,90,31.81,Lower-middle,Shared trainer capacity,44.8,Lower-middle,Multicourse trainers,36.32,Lower-middle,Volume,17.81,Low,Volume,8.82,0.65,1.55,0.4207,0.1352,44.166666666666664,11.25,10.833333333333334,23.333333333333332,70.83333333333334
ING,Inglês Profissional,Línguas,Centro 1,96,32.72,Lower-middle,Low priority,2.02,Strong agreement,109,33.73,Lower-middle,Actions,91,31.71,Lower-middle,Shared trainer capacity,34.8,Lower-middle,Multicourse trainers,38.65,Lower-middle,Simultaneity,21.75,Low,Conversion,8.81,0.75,1.38,0.3474,0.1124,42.5,23.333333333333332,7.5,15.833333333333332,64.16666666666667
GES,Gestão de Equipas,Gestão,Centro 5,97,31.92,Lower-middle,Low priority,1.79,Strong agreement,111,32.81,Lower-middle,Workforce,93,31.02,Lower-middle,Shared trainer capacity,39.8,Lower-middle,Multicourse trainers,32.02,Lower-middle,Simultaneity,20.39,Low,Volume,5.72,0.85,1.49,0.4285,0.1484,18.333333333333332,34.583333333333336,10.0,24.166666666666668,78.33333333333333
SCI,Segurança Contra Incêndios,Segurança,Centro 5,98,31.79,Lower-middle,Low priority,12.88,Strong agreement,96,38.23,Lower-middle,Workforce,100,25.35,Lower-middle,Concurrent actions,62.0,Upper-middle,Trainer scarcity,24.36,Low,Regularity,18.43,Low,Regularity,4.78,1.0,2.44,0.4369,0.0122,10.833333333333334,47.91666666666667,38.333333333333336,26.666666666666668,2.5
VND,Vendas e Negociação,Comercial,Centro 1,99,31.56,Lower-middle,Low priority,16.5,Moderate agreement,95,39.81,Lower-middle,Commercial,105,23.31,Low,Sustained demand,39.8,Lower-middle,Multicourse trainers,36.31,Lower-middle,Regularity,46.86,Lower-middle,Volume,5.72,0.6,2.13,0.5478,0.0726,19.166666666666668,6.25,26.666666666666668,50.0,30.0
HCP,HACCP Aplicado,Alimentar,Centro 3,100,31.5,Lower-middle,Low priority,22.88,Moderate agreement,88,42.94,Lower-middle,Commercial,107,20.06,Low,Sustained demand,44.8,Lower-middle,Multicourse trainers,39.75,Lower-middle,Growth,45.58,Lower-middle,Regularity,4.77,0.6,1.92,0.5577,0.0713,10.0,6.25,19.166666666666668,55.00000000000001,29.166666666666668
LID,Liderança e Comunicação,Gestão,Centro 1,101,31.23,Lower-middle,Low priority,11.58,Strong agreement,99,37.02,Lower-middle,Workforce,99,25.44,Lower-middle,Sustained demand,39.8,Lower-middle,Multicourse trainers,35.16,Lower-middle,Regularity,35.2,Lower-middle,Volume,5.91,0.65,2.09,0.5941,0.0441,20.833333333333336,11.25,25.0,69.16666666666667,15.0
PRO,Gestão de Projetos,Gestão,Centro 1,102,30.41,Lower-middle,Low priority,12.02,Moderate agreement,100,36.42,Lower-middle,Workforce,103,24.4,Low,Shared trainer capacity,49.8,Lower-middle,Multicourse trainers,29.55,Lower-middle,Regularity,23.42,Low,Regularity,7.42,0.5,1.28,0.5011,0.1083,30.0,2.083333333333333,5.0,38.333333333333336,55.833333333333336
SOC,Socorrismo Básico,Saúde e Segurança,Centro 4,103,30.31,Lower-middle,Low priority,6.66,Strong agreement,110,33.64,Lower-middle,Workforce,97,26.98,Lower-middle,Concurrent actions,62.0,Upper-middle,Trainer scarcity,13.61,Low,Simultaneity,16.99,Low,Conversion,8.42,1.0,1.67,0.2082,0.0182,39.166666666666664,47.91666666666667,14.166666666666666,0.8333333333333334,6.666666666666667
TUR,Atendimento Turístico,Turismo,Centro 1,104,30.3,Lower-middle,Low priority,11.43,Moderate agreement,102,36.01,Lower-middle,Workforce,101,24.58,Low,Concurrent actions,62.0,Upper-middle,Trainer scarcity,17.04,Low,Growth,21.95,Low,Conversion,7.0,0.9,2.11,0.3204,0.0141,27.500000000000004,40.833333333333336,25.833333333333336,10.833333333333334,4.166666666666666
INF,"Infeção, Prevenção e Controlo",Saúde,Centro 2,105,29.8,Lower-middle,Low priority,10.71,Moderate agreement,106,35.15,Lower-middle,Commercial,102,24.44,Low,Sustained demand,29.8,Lower-middle,Trainer scarcity,32.66,Lower-middle,Volume,50.85,Upper-middle,Conversion,5.96,0.6,2.13,0.5819,0.0503,21.666666666666668,6.25,27.500000000000004,63.33333333333333,18.333333333333332
SCI,Segurança Contra Incêndios,Segurança,Centro 4,106,29.3,Lower-middle,Low priority,11.91,Moderate agreement,105,35.26,Lower-middle,Workforce,104,23.35,Low,Concurrent actions,62.0,Upper-middle,Trainer scarcity,11.59,Low,Simultaneity,29.12,Lower-middle,Conversion,3.0,1.2,2.07,0.2472,0.0188,1.6666666666666667,69.16666666666667,24.166666666666668,5.0,7.916666666666666
GES,Gestão de Equipas,Gestão,Centro 1,107,28.1,Lower-middle,Low priority,18.32,Moderate agreement,98,37.26,Lower-middle,Workforce,110,18.94,Low,Shared trainer capacity,39.8,Lower-middle,Multicourse trainers,38.12,Lower-middle,Growth,30.47,Lower-middle,Volume,4.75,0.7,2.04,0.4498,0.0736,8.333333333333332,16.25,23.333333333333332,27.500000000000004,31.666666666666664
HCP,HACCP Aplicado,Alimentar,Centro 2,108,27.68,Lower-middle,Low priority,25.24,Moderate agreement,94,40.3,Lower-middle,Workforce,114,15.06,Low,Sustained demand,44.8,Lower-middle,Multicourse trainers,36.69,Lower-middle,Regularity,38.5,Lower-middle,Conversion,4.57,0.6,1.3,0.4901,0.0769,7.5,6.25,5.833333333333333,35.833333333333336,33.33333333333333
INF,"Infeção, Prevenção e Controlo",Saúde,Centro 5,109,26.8,Lower-middle,Low priority,13.98,Moderate agreement,108,33.79,Lower-middle,Commercial,108,19.81,Low,Sustained demand,34.8,Lower-middle,Multicourse trainers,26.61,Lower-middle,Regularity,46.15,Lower-middle,Volume,4.75,0.6,2.21,0.568,0.0268,9.166666666666666,6.25,31.666666666666664,60.0,11.666666666666666
SOC,Socorrismo Básico,Saúde e Segurança,Centro 5,110,25.9,Lower-middle,Low priority,13.42,Moderate agreement,112,32.61,Lower-middle,Workforce,109,19.19,Low,Commercial demand,62.0,Upper-middle,Trainer scarcity,9.37,Low,Regularity,20.32,Low,Growth,6.96,0.7,2.27,0.3304,0.009,26.666666666666668,16.25,34.166666666666664,11.666666666666666,1.6666666666666667
HAC,Higiene e Segurança Alimentar,Alimentar,Centro 2,111,24.62,Low,Low priority,23.58,Moderate agreement,101,36.41,Lower-middle,Commercial,118,12.83,Low,Shared trainer capacity,29.0,Lower-middle,Multicourse trainers,40.8,Lower-middle,Simultaneity,42.44,Lower-middle,Conversion,2.3,0.6,1.38,0.4064,0.1042,0.8333333333333334,3.3333333333333335,8.333333333333332,19.166666666666668,50.83333333333333
SCI,Segurança Contra Incêndios,Segurança,Centro 3,112,24.52,Low,Low priority,20.16,Moderate agreement,107,34.6,Lower-middle,Actions,115,14.44,Low,Sustained demand,29.8,Lower-middle,Multicourse trainers,41.48,Lower-middle,Regularity,30.47,Lower-middle,Volume,3.32,0.65,1.78,0.5348,0.0239,3.3333333333333335,11.25,17.5,43.333333333333336,10.0
GES,Gestão de Equipas,Gestão,Centro 3,113,24.42,Low,Low priority,21.73,Moderate agreement,104,35.29,Lower-middle,Workforce,117,13.56,Low,Commercial demand,72.0,Upper-middle,Trainer scarcity,8.1,Low,Growth,16.26,Low,Volume,4.39,0.7,2.58,0.2245,0.0128,6.666666666666667,16.25,44.166666666666664,2.5,3.3333333333333335
ING,Inglês Profissional,Línguas,Centro 5,114,24.34,Low,Low priority,5.53,Moderate agreement,118,27.11,Lower-middle,Workforce,106,21.58,Low,Training workload,29.8,Lower-middle,Multicourse trainers,26.95,Lower-middle,Simultaneity,22.05,Low,Volume,7.41,0.75,1.67,0.3463,0.0485,29.166666666666668,23.333333333333332,15.0,14.166666666666666,17.5
EMP,Empilhadores e Movimentação de Cargas,Segurança,Centro 3,115,22.82,Low,Low priority,13.77,Moderate agreement,114,29.71,Lower-middle,Actions,112,15.94,Low,Shared trainer capacity,29.8,Lower-middle,Multicourse trainers,34.04,Lower-middle,Simultaneity,20.83,Low,Conversion,6.29,0.65,0.86,0.2537,0.0693,25.0,11.25,2.5,6.666666666666667,28.333333333333332
SOC,Socorrismo Básico,Saúde e Segurança,Centro 1,116,22.72,Low,Low priority,9.57,Moderate agreement,117,27.51,Lower-middle,Workforce,111,17.94,Low,Commercial demand,52.0,Upper-middle,Trainer scarcity,8.98,Low,Regularity,15.6,Low,Conversion,7.34,0.7,2.25,0.224,0.0,28.333333333333332,16.25,33.33333333333333,1.6666666666666667,0.8333333333333334
VND,Vendas e Negociação,Comercial,Centro 3,117,21.93,Low,Low priority,13.7,Moderate agreement,116,28.78,Lower-middle,Workforce,113,15.08,Low,Shared trainer capacity,34.8,Lower-middle,Multicourse trainers,27.41,Lower-middle,Simultaneity,19.52,Low,Conversion,4.9,0.75,1.14,0.2787,0.0678,11.666666666666666,23.333333333333332,4.166666666666666,7.5,26.666666666666668
HOT,Housekeeping e Operações Hoteleiras,Turismo,Centro 4,118,21.62,Low,Low priority,15.86,Moderate agreement,115,29.55,Lower-middle,Workforce,116,13.69,Low,Training workload,34.8,Lower-middle,Multicourse trainers,23.99,Low,Simultaneity,30.15,Lower-middle,Conversion,6.13,0.65,0.74,0.2269,0.0577,23.333333333333332,11.25,0.8333333333333334,3.3333333333333335,21.666666666666668
SOC,Socorrismo Básico,Saúde e Segurança,Centro 2,119,14.79,Low,Low priority,17.54,Strong agreement,120,23.56,Low,Workforce,119,6.02,Low,Shared trainer capacity,34.8,Lower-middle,Multicourse trainers,12.84,Low,Regularity,22.51,Low,Conversion,3.9,0.5,0.82,0.3051,0.0421,5.833333333333333,2.083333333333333,1.6666666666666667,9.166666666666666,14.166666666666666
TUR,Atendimento Turístico,Turismo,Centro 3,120,14.73,Low,Low priority,19.79,Strong agreement,119,24.62,Low,Workforce,120,4.83,Low,Shared trainer capacity,39.8,Lower-middle,Multicourse trainers,12.73,Low,Growth,18.03,Low,Conversion,3.52,0.45,1.13,0.2815,0.0242,4.166666666666666,0.8333333333333334,3.3333333333333335,8.333333333333332,10.833333333333334
